Player,Age,Team,Pos,G,GS,MP,FG,FGA,FGPCT,FT,FTA,FTPCT,ORB,DRB,TRB,AST,STL,BLK,TOV,PF,PTS
Joel Embiid,29,PHI,C,39,39,33.6,11.5,21.8,0.529,10.2,11.6,0.883,2.4,8.6,11,5.6,1.2,1.7,3.8,2.9,34.7
Luka Dončić,24,DAL,PG,70,70,37.5,11.5,23.6,0.487,6.8,8.7,0.786,0.8,8.4,9.2,9.8,1.4,0.5,4,2.1,33.9
Giannis Antetokounmpo,29,MIL,PF,73,73,35.2,11.5,18.8,0.611,7,10.7,0.657,2.7,8.8,11.5,6.5,1.2,1.1,3.4,2.9,30.4
Shai Gilgeous-Alexander,25,OKC,PG,75,75,34,10.6,19.8,0.535,7.6,8.7,0.874,0.9,4.7,5.5,6.2,2,0.9,2.2,2.5,30.1
Jalen Brunson,27,NYK,PG,77,77,35.4,10.3,21.4,0.479,5.5,6.5,0.847,0.6,3.1,3.6,6.7,0.9,0.2,2.4,1.9,28.7
Devin Booker,27,PHO,PG,68,68,36,9.4,19.2,0.492,6,6.7,0.886,0.8,3.7,4.5,6.9,0.9,0.4,2.6,3,27.1
Kevin Durant,35,PHO,PF,75,75,37.2,10,19.1,0.523,4.8,5.6,0.856,0.5,6.1,6.6,5,0.9,1.2,3.3,1.8,27.1
Jayson Tatum,25,BOS,PF,74,74,35.7,9.1,19.3,0.471,5.6,6.7,0.833,0.9,7.2,8.1,4.9,1,0.6,2.5,2,26.9
De'Aaron Fox,26,SAC,PG,74,74,35.9,9.7,20.9,0.465,4.2,5.7,0.738,0.9,3.7,4.6,5.6,2,0.4,2.6,2.6,26.6
Donovan Mitchell,27,CLE,SG,55,55,35.3,9.1,19.8,0.462,5,5.8,0.865,0.8,4.3,5.1,6.1,1.8,0.5,2.8,2.1,26.6
Stephen Curry,35,GSW,PG,74,74,32.7,8.8,19.5,0.45,4,4.4,0.923,0.5,4,4.5,5.1,0.7,0.4,2.8,1.6,26.4
Nikola Jokić,28,DEN,C,79,79,34.6,10.4,17.9,0.583,4.5,5.5,0.817,2.8,9.5,12.4,9,1.4,0.9,3,2.5,26.4
Anthony Edwards,22,MIN,SG,79,78,35.1,9.1,19.7,0.461,5.4,6.4,0.836,0.7,4.8,5.4,5.1,1.3,0.5,3.1,1.8,25.9
Tyrese Maxey,23,PHI,PG,70,70,37.5,9.1,20.3,0.45,4.7,5.4,0.868,0.5,3.2,3.7,6.2,1,0.5,1.7,2.2,25.9
LeBron James,39,LAL,PF,71,71,35.3,9.6,17.9,0.54,4.3,5.7,0.75,0.9,6.4,7.3,8.3,1.3,0.5,3.5,1.1,25.7
Trae Young,25,ATL,PG,54,54,36,8,18.7,0.43,6.4,7.5,0.855,0.4,2.3,2.8,10.8,1.3,0.2,4.4,2,25.7
Kyrie Irving,31,DAL,SG,58,58,35,9.7,19.5,0.497,3.3,3.6,0.905,0.8,4.2,5,5.2,1.3,0.5,1.8,1.9,25.6
Ja Morant,24,MEM,PG,9,9,35.3,8.9,18.9,0.471,5.8,7.1,0.813,0.7,4.9,5.6,8.1,0.8,0.6,3,2.1,25.1
Anthony Davis,30,LAL,C,76,76,35.5,9.4,16.9,0.556,5.5,6.8,0.816,3.1,9.5,12.6,3.5,1.2,2.3,2.1,2.3,24.7
Damian Lillard,33,MIL,PG,73,73,35.3,7.4,17.5,0.424,6.5,7,0.92,0.5,3.9,4.4,7,1,0.2,2.6,1.8,24.3
DeMar DeRozan,34,CHI,SF,79,79,37.8,8.2,17.2,0.48,6.6,7.7,0.853,0.5,3.8,4.3,5.3,1.1,0.6,1.7,2,24
Julius Randle,29,NYK,PF,46,46,35.4,8.6,18.2,0.472,5.1,6.6,0.781,2.2,7,9.2,5,0.5,0.3,3.5,2.7,24
LaMelo Ball,22,CHO,PG,22,22,32.3,8.3,19.2,0.433,4.1,4.7,0.865,1.3,3.8,5.1,8,1.8,0.2,3.8,3.6,23.9
Desmond Bane,25,MEM,SG,42,42,34.4,8.6,18.5,0.464,3.3,3.8,0.87,0.9,3.5,4.4,5.5,1,0.5,2.7,2.9,23.7
Kawhi Leonard,32,LAC,SF,68,68,34.3,9,17.1,0.525,3.7,4.2,0.885,1.2,4.9,6.1,3.6,1.6,0.9,1.8,1.4,23.7
Lauri Markkanen,26,UTA,PF,55,55,33.1,7.8,16.2,0.48,4.5,5,0.899,2.2,5.9,8.2,2,0.9,0.5,1.4,1.8,23.2
Jaylen Brown,27,BOS,SF,70,70,33.5,9,17.9,0.499,3,4.3,0.703,1.2,4.3,5.5,3.6,1.2,0.5,2.4,2.6,23
Zion Williamson,23,NOP,PF,70,70,31.5,8.9,15.6,0.57,5,7.1,0.702,1.7,4.1,5.8,5,1.1,0.7,2.8,2.3,22.9
Cade Cunningham,22,DET,PG,62,62,33.5,8.5,18.8,0.449,3.8,4.4,0.869,0.5,3.8,4.3,7.5,0.9,0.4,3.4,2.5,22.7
Paolo Banchero,21,ORL,PF,80,80,35,8,17.6,0.455,5.1,7,0.725,1,5.9,6.9,5.4,0.9,0.6,3.1,1.9,22.6
Paul George,33,LAC,PF,74,74,33.8,7.9,16.7,0.471,3.6,3.9,0.907,0.5,4.7,5.2,3.5,1.5,0.5,2.1,2.7,22.6
Anfernee Simons,24,POR,SG,46,46,34.4,7.8,18.2,0.43,3.5,3.9,0.916,0.5,3.2,3.6,5.5,0.5,0.1,2.7,2.1,22.6
Jaren Jackson Jr.,24,MEM,C,66,66,32.2,7.8,17.6,0.444,5.1,6.3,0.808,1.3,4.2,5.5,2.3,1.2,1.6,2.4,3.6,22.5
Dejounte Murray,27,ATL,SG,78,78,35.7,8.6,18.8,0.459,2.7,3.4,0.794,0.8,4.5,5.3,6.4,1.4,0.3,2.6,1.8,22.5
Cam Thomas,22,BRK,SG,66,51,31.4,8,18,0.442,4.3,5.1,0.856,0.4,2.8,3.2,2.9,0.7,0.2,1.9,2.1,22.5
Kyle Kuzma,28,WAS,PF,70,70,32.6,8.7,18.8,0.463,2.7,3.4,0.775,0.9,5.7,6.6,4.2,0.5,0.7,2.7,2.2,22.2
Karl-Anthony Towns,28,MIN,PF,62,62,32.7,7.7,15.3,0.504,4.1,4.7,0.873,1.5,6.8,8.3,3,0.7,0.7,2.9,3.3,21.8
Pascal Siakam,29,MULTI,PF,80,80,33.2,8.5,15.9,0.536,3.6,5,0.732,1.7,5.3,7.1,4.3,0.8,0.3,1.8,2.4,21.7
Victor Wembanyama,20,SAS,C,71,71,29.7,7.8,16.7,0.465,4.1,5.2,0.796,2.3,8.4,10.6,3.9,1.2,3.6,3.7,2.2,21.4
Jamal Murray,26,DEN,PG,59,59,31.5,8,16.7,0.481,2.7,3.1,0.853,0.7,3.4,4.1,6.5,1,0.7,2.1,1.8,21.2
Alperen Sengun,21,HOU,C,63,63,32.5,8.4,15.6,0.537,3.9,5.6,0.693,2.9,6.4,9.3,5,1.2,0.7,2.6,3.3,21.1
Miles Bridges,25,CHO,SF,69,67,37.4,8.1,17.5,0.462,2.5,3.1,0.825,1,6.3,7.3,3.3,0.9,0.5,2,1.7,21
Jerami Grant,29,POR,PF,54,54,33.9,7.1,15.7,0.451,4.7,5.8,0.817,0.7,2.9,3.5,2.8,0.8,0.6,2.1,2.2,21
Jimmy Butler,34,MIA,PF,60,60,34,6.6,13.2,0.499,6.6,7.7,0.858,1.8,3.6,5.3,5,1.3,0.3,1.7,1.1,20.8
Tyler Herro,24,MIA,SG,42,40,33.5,7.7,17.5,0.441,2.3,2.6,0.856,0.5,4.8,5.3,4.5,0.7,0.1,2.2,1.5,20.8
Brandon Ingram,26,NOP,SF,64,64,32.9,7.8,15.9,0.492,3.8,4.8,0.801,0.7,4.4,5.1,5.7,0.8,0.6,2.5,2.3,20.8
RJ Barrett,23,MULTI,SG,58,58,31.7,7.5,15.2,0.495,3.6,5,0.715,0.9,4.5,5.4,3.3,0.5,0.4,2.2,2.2,20.2
Tyrese Haliburton,23,IND,PG,69,68,32.2,7.2,15.2,0.477,2.8,3.3,0.855,0.5,3.4,3.9,10.9,1.2,0.7,2.3,1.1,20.1
Kristaps Porziņģis,28,BOS,C,57,57,29.6,6.8,13.2,0.516,4.5,5.3,0.858,1.7,5.5,7.2,2,0.7,1.9,1.6,2.7,20.1
CJ McCollum,32,NOP,PG,66,66,32.7,7.3,16,0.459,1.7,2.1,0.827,0.6,3.7,4.3,4.6,0.9,0.6,1.7,1.9,20
Scottie Barnes,22,TOR,SG,60,60,34.9,7.5,15.7,0.475,3.3,4.2,0.781,2.4,5.9,8.2,6.1,1.3,1.5,2.8,2,19.9
Terry Rozier,29,MULTI,SG,61,60,33.4,7.2,16.4,0.443,2.8,3.2,0.869,0.6,3.5,4,5.6,1,0.3,1.7,1.7,19.8
Franz Wagner,22,ORL,SF,72,72,32.5,7.3,15.2,0.482,3.8,4.4,0.85,1,4.3,5.3,3.7,1.1,0.4,1.9,2.3,19.7
Mikal Bridges,27,BRK,SF,82,82,34.8,6.9,15.8,0.436,3.1,3.9,0.814,0.8,3.7,4.5,3.6,1,0.4,2,1.4,19.6
Jalen Green,21,HOU,SG,82,82,31.7,6.9,16.2,0.423,3.5,4.3,0.804,0.5,4.7,5.2,3.5,0.8,0.3,2.3,1.4,19.6
Zach LaVine,28,CHI,SG,25,23,34.9,6.8,15,0.452,3.5,4.1,0.854,0.3,4.8,5.2,3.9,0.8,0.3,2.1,2.3,19.5
Devin Vassell,23,SAS,SG,68,62,33.1,7.3,15.5,0.472,2.4,3,0.801,0.4,3.4,3.8,4.1,1.1,0.3,1.6,1.1,19.5
Domantas Sabonis,27,SAC,C,82,82,35.7,7.7,13,0.594,3.6,5.1,0.704,3.6,10.1,13.7,8.2,0.9,0.6,3.3,3,19.4
Bam Adebayo,26,MIA,C,71,71,34,7.5,14.3,0.521,4.1,5.5,0.755,2.2,8.1,10.4,3.9,1.1,0.9,2.3,2.2,19.3
Coby White,23,CHI,PG,79,78,36.5,6.8,15.3,0.447,2.8,3.3,0.838,0.6,4,4.5,5.1,0.7,0.2,2.1,2.4,19.1
Jalen Williams,22,OKC,PF,71,71,31.3,7.5,14,0.54,2.5,3.1,0.814,0.5,3.5,4,4.5,1.1,0.6,1.7,2.5,19.1
Collin Sexton,25,UTA,SG,78,51,26.6,6.5,13.3,0.487,4.1,4.7,0.859,0.9,1.7,2.6,4.9,0.8,0.2,2.1,2,18.7
Bradley Beal,30,PHO,SG,53,53,33.3,7.1,13.9,0.513,2.1,2.5,0.813,1,3.4,4.4,5,1,0.5,2.5,2.4,18.2
Darius Garland,24,CLE,PG,57,57,33.4,6.6,14.8,0.446,2.6,3.1,0.834,0.5,2.1,2.7,6.5,1.3,0.1,3.1,1.7,18
D'Angelo Russell,27,LAL,PG,76,69,32.7,6.5,14.2,0.456,2.1,2.5,0.828,0.4,2.7,3.1,6.3,0.9,0.5,2.1,2.1,18
Nikola Vučević,33,CHI,C,76,74,34.3,7.7,15.9,0.484,1.4,1.7,0.822,2.8,7.8,10.5,3.3,0.7,0.8,1.6,2.5,18
Klay Thompson,33,GSW,SF,77,63,29.7,6.4,14.7,0.432,1.6,1.8,0.927,0.5,2.8,3.3,2.3,0.6,0.5,1.5,1.6,17.9
Jordan Poole,24,WAS,SG,78,66,30.1,6.3,15.2,0.413,2.5,2.8,0.877,0.4,2.3,2.7,4.4,1.1,0.3,2.4,3.1,17.4
Fred VanVleet,29,HOU,PG,73,73,36.8,5.8,13.9,0.416,2.7,3.1,0.86,0.5,3.4,3.8,8.1,1.4,0.8,1.7,2.5,17.4
Brandon Miller,21,CHO,SF,74,68,32.2,6.4,14.6,0.44,1.9,2.3,0.827,0.8,3.4,4.3,2.4,0.9,0.6,1.8,2.5,17.3
Tobias Harris,31,PHI,PF,70,70,33.8,6.6,13.6,0.487,2.7,3,0.878,1.1,5.3,6.5,3.1,1,0.7,1.3,1.6,17.2
Jordan Clarkson,31,UTA,SG,55,19,30.6,6.1,14.8,0.413,3.2,3.7,0.881,0.9,2.5,3.4,5,0.6,0.1,2.7,1.5,17.1
Myles Turner,27,IND,C,77,77,27,6.2,11.8,0.524,3.2,4.1,0.773,1.5,5.5,6.9,1.3,0.5,1.9,1.4,3,17.1
Immanuel Quickley,24,MULTI,SG,68,38,29.2,5.7,13.1,0.434,3.1,3.6,0.853,0.3,3.6,3.8,4.9,0.7,0.1,1.5,1.8,17
Bogdan Bogdanović,31,ATL,SG,79,33,30.4,6,13.9,0.428,1.9,2.1,0.921,0.7,2.8,3.4,3.1,1.2,0.3,1.4,2.3,16.9
Deandre Ayton,25,POR,C,55,55,32.4,7.8,13.6,0.57,1.2,1.4,0.823,3.2,7.9,11.1,1.6,1,0.8,1.8,2,16.7
Michael Porter Jr.,25,DEN,SF,81,81,31.7,6.4,13.3,0.484,1.1,1.4,0.836,1.3,5.7,7,1.5,0.5,0.7,1.1,1.8,16.7
James Harden,34,LAC,PG,72,72,34.3,4.9,11.4,0.428,4.2,4.8,0.878,0.5,4.7,5.1,8.5,1.1,0.8,2.6,1.8,16.6
Jarrett Allen,25,CLE,C,77,77,31.7,6.7,10.6,0.634,3,4.1,0.742,3.2,7.4,10.5,2.7,0.7,1.1,1.6,1.9,16.5
Chet Holmgren,21,OKC,C,82,82,29.4,6.2,11.6,0.53,2.7,3.4,0.793,1.6,6.3,7.9,2.4,0.6,2.3,1.6,2.4,16.5
Jonathan Kuminga,21,GSW,PF,74,46,26.3,6.2,11.6,0.529,3,4,0.746,1.2,3.6,4.8,2.2,0.7,0.5,1.6,2.3,16.1
Jalen Johnson,22,ATL,SF,56,52,33.7,6.4,12.5,0.511,1.9,2.6,0.728,1.3,7.4,8.7,3.6,1.2,0.8,1.8,2.4,16
Austin Reaves,25,LAL,SG,82,57,32.1,5.6,11.5,0.486,2.8,3.3,0.853,0.7,3.6,4.3,5.5,0.8,0.3,2.1,1.9,15.9
Shaedon Sharpe,20,POR,SG,32,25,33.1,5.5,13.6,0.406,3.1,3.7,0.824,1.3,3.7,5,2.9,0.9,0.4,2.3,2.8,15.9
Malcolm Brogdon,31,POR,PG,39,25,28.7,5.6,12.7,0.44,2.4,3,0.819,0.7,3.1,3.8,5.5,0.7,0.2,1.5,1.5,15.7
Keldon Johnson,24,SAS,SF,69,27,29.5,5.7,12.5,0.454,2.5,3.2,0.792,1.4,4.1,5.5,2.8,0.7,0.3,1.4,2.2,15.7
Evan Mobley,22,CLE,PF,50,50,30.6,6.4,11,0.58,2.5,3.4,0.719,2.2,7.1,9.4,3.2,0.9,1.4,1.8,2.7,15.7
De'Andre Hunter,26,ATL,SF,57,37,29.5,5.3,11.6,0.459,2.9,3.4,0.847,0.5,3.4,3.9,1.5,0.7,0.3,1.5,2.6,15.6
Donte DiVincenzo,27,NYK,SG,81,63,29.1,5.5,12.4,0.443,1.1,1.4,0.754,0.8,2.9,3.7,2.7,1.3,0.4,1.4,2,15.5
Jaden Ivey,21,DET,SG,77,61,28.8,5.4,12.6,0.429,2.9,3.9,0.749,1.1,2.3,3.4,3.8,0.7,0.5,2.5,2.6,15.4
Malik Monk,25,SAC,SG,72,0,26,5.5,12.4,0.443,2.4,2.8,0.829,0.4,2.6,2.9,5.1,0.6,0.5,2.1,2.2,15.4
Kelly Oubre Jr.,28,PHI,SF,68,52,30.2,5.7,12.9,0.441,2.6,3.4,0.75,1.4,3.6,5,1.5,1.1,0.7,1.3,2.9,15.4
Bojan Bogdanović,34,MULTI,PF,57,27,25.9,5.4,11.9,0.454,2.1,2.6,0.785,0.4,2.3,2.7,1.7,0.5,0.1,1.8,1.7,15.2
Keegan Murray,23,SAC,SF,77,77,33.6,5.8,12.7,0.454,1.3,1.6,0.831,1.4,4.1,5.5,1.7,1,0.8,0.8,2.7,15.2
Derrick White,29,BOS,SG,73,73,32.6,5.3,11.5,0.461,1.9,2.1,0.901,0.7,3.5,4.2,5.2,1,1.2,1.5,2.1,15.2
John Collins,26,UTA,PF,68,66,28,5.8,11,0.532,2.2,2.7,0.795,2.3,6.1,8.5,1.1,0.6,0.9,1.4,2.8,15.1
Khris Middleton,32,MIL,SF,55,55,27,5.8,11.7,0.493,1.8,2.2,0.833,0.7,3.9,4.7,5.3,0.9,0.3,2.3,2.6,15.1
Trey Murphy III,23,NOP,SF,57,23,29.6,4.8,10.9,0.443,2.2,2.6,0.815,0.7,4.2,4.9,2.2,0.9,0.5,0.6,1.2,14.8
OG Anunoby,26,MULTI,SF,50,50,34,5.6,11.5,0.489,1.3,1.8,0.753,0.9,3.2,4.2,2.1,1.4,0.7,1.6,2.4,14.7
Deni Avdija,23,WAS,SF,75,75,30.1,5.4,10.7,0.506,2.7,3.6,0.74,1.1,6.1,7.2,3.8,0.8,0.5,2.1,2.5,14.7
GG Jackson II,19,MEM,PF,48,18,25.7,5,11.7,0.428,2.4,3.2,0.752,1.1,3,4.1,1.2,0.6,0.5,1.4,1.3,14.6
Bennedict Mathurin,21,IND,SF,59,19,26.1,5,11.2,0.446,3.1,3.8,0.821,1,2.9,4,2,0.6,0.2,1.6,2,14.5
Marcus Smart,29,MEM,PG,20,20,30.3,5.1,11.9,0.43,2.2,2.8,0.768,0.3,2.4,2.7,4.3,2.1,0.3,3.1,2.7,14.5
Tim Hardaway Jr.,31,DAL,SF,79,12,26.8,5,12.4,0.402,1.8,2.1,0.852,0.3,2.9,3.2,1.8,0.5,0.1,0.9,1.3,14.4
Dennis Schröder,30,MULTI,PG,80,58,31.1,5,11.6,0.435,2.2,2.7,0.836,0.5,2.5,3,6.1,0.8,0.2,1.9,2.1,14
Rudy Gobert,31,MIN,C,76,76,34.1,5.3,8.1,0.661,3.3,5.1,0.638,3.8,9.2,12.9,1.3,0.7,2.1,1.6,3.1,14
Scoot Henderson,19,POR,PG,62,32,28.5,5,12.9,0.385,2.7,3.3,0.819,0.9,2.3,3.1,5.4,0.8,0.2,3.4,3.1,14
Caris LeVert,29,CLE,SG,68,10,28.8,5.1,12.1,0.421,2.3,3,0.766,0.6,3.5,4.1,5.1,1.1,0.5,1.7,1.8,14
Aaron Gordon,28,DEN,PF,73,73,31.5,5.5,9.8,0.556,2.4,3.7,0.658,2.4,4.1,6.5,3.5,0.8,0.6,1.4,1.9,13.9
Norman Powell,30,LAC,SG,76,3,26.2,4.9,10.1,0.486,1.9,2.3,0.831,0.2,2.4,2.6,1.1,0.6,0.3,0.9,1.8,13.9
Jalen Duren,20,DET,C,61,60,29.1,5.7,9.2,0.619,2.3,3,0.79,3.1,8.5,11.6,2.4,0.5,0.8,2.1,3.1,13.8
Bobby Portis,28,MIL,PF,82,4,24.5,5.7,11.2,0.508,1.2,1.5,0.79,1.7,5.7,7.4,1.3,0.8,0.4,1.1,2.3,13.8
Saddiq Bey,24,ATL,SF,63,51,32.7,4.6,11.1,0.416,2.7,3.2,0.837,2.7,3.9,6.5,1.5,0.8,0.2,0.9,1.4,13.7
Jabari Smith Jr.,20,HOU,PF,76,76,31.9,5,11,0.454,2,2.4,0.811,1.8,6.3,8.1,1.6,0.7,0.8,1.2,2.6,13.7
Gary Trent Jr.,25,TOR,SG,71,41,28.1,5.1,11.9,0.426,1,1.4,0.771,0.4,2.3,2.6,1.7,1.1,0.1,0.7,1.4,13.7
Rui Hachimura,25,LAL,PF,68,39,26.9,5.3,9.9,0.537,1.5,2,0.739,0.9,3.5,4.3,1.2,0.6,0.4,0.7,1.5,13.6
Grayson Allen,28,PHO,SG,75,74,33.5,4.5,9.1,0.499,1.7,2,0.878,0.6,3.3,3.9,3,0.9,0.6,1.3,2.1,13.5
Naz Reid,24,MIN,PF,81,14,24.2,5,10.5,0.477,1.3,1.8,0.736,0.9,4.3,5.2,1.3,0.8,0.9,1.4,2.1,13.5
Cameron Johnson,27,BRK,PF,58,47,27.6,4.8,10.7,0.446,1.5,1.9,0.789,0.9,3.4,4.3,2.4,0.8,0.3,1,1.8,13.4
Corey Kispert,24,WAS,SF,80,22,25.8,4.8,9.9,0.486,1.4,2,0.726,0.4,2.4,2.8,2,0.5,0.2,1.2,1.8,13.4
Andrew Wiggins,28,GSW,SF,71,59,27,5,11,0.453,2,2.7,0.751,1.5,3,4.5,1.7,0.6,0.6,1.2,2.1,13.2
Keyonte George,20,UTA,PG,75,44,27,4.3,10.9,0.391,2.5,3,0.848,0.2,2.6,2.8,4.4,0.5,0.1,2.5,1.2,13
P.J. Washington,25,MULTI,PF,73,45,30.4,4.8,11.1,0.436,1.4,2,0.683,1.2,4.5,5.6,1.9,1,0.8,1.3,2.3,12.9
Scotty Pippen Jr.,23,MEM,PG,21,16,25.1,4.8,9.7,0.493,2,2.6,0.745,1,2.1,3.2,4.7,1.7,0.5,2.7,2.9,12.9
Duncan Robinson,29,MIA,SF,68,36,28,4.5,9.9,0.45,1.2,1.3,0.889,0.2,2.3,2.5,2.8,0.7,0.2,1.4,2.4,12.9
Dillon Brooks,28,HOU,SF,72,72,30.9,4.6,10.7,0.428,1.7,2,0.844,0.7,2.7,3.4,1.7,0.9,0.1,1.2,3.3,12.7
Mark Williams,22,CHO,C,19,19,26.7,5.2,7.9,0.649,2.4,3.4,0.719,4,5.7,9.7,1.2,0.8,1.1,0.9,2.6,12.7
Jalen Suggs,22,ORL,SG,75,75,27,4.5,9.5,0.471,1.6,2.1,0.756,0.6,2.4,3.1,2.7,1.4,0.6,1.8,2.7,12.6
Jrue Holiday,33,BOS,PG,69,69,32.8,4.8,10,0.48,0.9,1,0.833,1.2,4.2,5.4,4.8,0.9,0.8,1.8,1.6,12.5
Brook Lopez,35,MIL,C,79,79,30.5,4.6,9.6,0.485,1.4,1.7,0.821,1.5,3.7,5.2,1.6,0.5,2.4,1,2.4,12.5
Josh Giddey,21,OKC,SG,80,80,25.1,5,10.6,0.475,1.3,1.6,0.806,1.4,5,6.4,4.8,0.6,0.6,2.1,1.4,12.3
Cam Whitmore,19,HOU,SF,47,2,18.7,4.5,9.9,0.454,1.6,2.4,0.679,0.9,2.9,3.8,0.7,0.6,0.4,1,1.4,12.3
Harrison Barnes,31,SAC,PF,82,82,29,4.2,8.9,0.474,1.9,2.4,0.801,0.8,2.2,3,1.2,0.7,0.1,0.7,1.2,12.2
Ayo Dosunmu,24,CHI,SG,76,37,29.1,4.7,9.5,0.501,1.1,1.4,0.81,0.7,2.1,2.8,3.2,0.9,0.5,1.4,2.2,12.2
Javonte Green,30,CHI,SF,9,5,25.6,5,8.3,0.6,1.1,1.4,0.769,2.2,5.2,7.4,0.6,1.1,0.9,0.8,2.1,12.2
Aaron Nesmith,24,IND,SF,72,47,27.7,4.4,8.8,0.496,1.5,1.9,0.781,0.9,2.9,3.8,1.5,0.9,0.7,0.9,3.3,12.2
Max Strus,27,CLE,SF,70,70,32,4.3,10.4,0.418,1.1,1.4,0.794,0.9,3.9,4.8,4,0.9,0.4,1.6,2.4,12.2
Jonas Valančiūnas,31,NOP,C,82,82,23.5,4.9,8.8,0.559,2,2.5,0.785,2.3,6.5,8.8,2.1,0.4,0.8,1.4,2.7,12.2
Buddy Hield,31,MULTI,SF,84,42,25.7,4.4,10.1,0.436,0.6,0.7,0.881,0.7,2.5,3.2,2.8,0.8,0.5,1.2,2,12.1
Tyus Jones,27,WAS,PG,66,66,29.3,4.9,10.1,0.489,0.5,0.6,0.8,0.3,2.4,2.7,7.3,1.1,0.3,1,0.7,12
Jaime Jaquez Jr.,22,MIA,SF,75,20,28.2,4.5,9.3,0.489,1.9,2.3,0.811,1.1,2.7,3.8,2.6,1,0.3,1.5,2.2,11.9
Nic Claxton,24,BRK,C,71,71,29.8,5.2,8.2,0.629,1.5,2.8,0.551,2.7,7.2,9.9,2.1,0.6,2.1,1.3,2.5,11.8
Marvin Bagley III,24,MULTI,C,50,25,21.1,4.8,8.2,0.586,1.9,2.5,0.762,2.6,3.6,6.2,1.1,0.4,0.7,1.2,1.6,11.7
Ivica Zubac,26,LAC,C,68,68,26.4,5,7.6,0.649,1.8,2.4,0.723,2.9,6.3,9.2,1.4,0.3,1.2,1.2,2.6,11.7
Cole Anthony,23,ORL,PG,81,0,22.4,4.1,9.4,0.435,2.2,2.7,0.826,0.8,3,3.8,2.9,0.8,0.5,1.6,2.2,11.6
Jeremy Sochan,20,SAS,PF,74,73,29.6,4.6,10.5,0.438,1.5,1.9,0.771,1.9,4.6,6.4,3.4,0.8,0.5,1.9,2.3,11.6
Clint Capela,29,ATL,C,73,73,25.8,4.8,8.5,0.571,1.8,2.8,0.631,4.6,6,10.6,1.2,0.6,1.5,1,2.2,11.5
Mike Conley,36,MIN,PG,76,76,28.9,3.9,8.5,0.457,1.3,1.5,0.911,0.5,2.4,2.9,5.9,1.2,0.2,1.3,1.7,11.4
Malik Beasley,27,MIL,SG,79,77,29.6,4.1,9.1,0.443,0.3,0.4,0.714,0.5,3.2,3.7,1.4,0.7,0.1,0.7,2,11.3
Brandon Clarke,27,MEM,PF,6,1,22.3,5.5,9.8,0.559,0.2,1.2,0.143,2.2,3.2,5.3,1.5,0.8,1,0.5,1.3,11.3
Zach Collins,26,SAS,C,69,29,22.1,4.3,8.9,0.484,1.8,2.3,0.753,1.7,3.7,5.4,2.8,0.5,0.8,1.9,3,11.2
De'Anthony Melton,25,PHI,SG,38,33,26.9,3.7,9.5,0.386,1.7,2.1,0.835,0.7,3,3.7,3,1.6,0.4,1,2.2,11.1
Jakob Poeltl,28,TOR,C,50,50,26.4,5,7.6,0.656,1.2,2.1,0.551,2.9,5.7,8.6,2.5,0.7,1.5,1.5,3,11.1
Russell Westbrook,35,LAC,PG,68,11,22.5,4.4,9.8,0.454,1.6,2.4,0.688,1.4,3.7,5,4.5,1.1,0.3,2.1,1.8,11.1
Daniel Gafford,25,MULTI,PF,74,66,24.5,4.7,6.5,0.725,1.6,2.4,0.674,2.6,5,7.6,1.6,0.9,2.1,1,3.1,11
Wendell Carter Jr.,24,ORL,C,55,48,25.6,4.1,7.7,0.525,1.7,2.4,0.694,2,4.9,6.9,1.7,0.6,0.5,1.2,2.2,11
Eric Gordon,35,PHO,SG,68,24,27.8,4,9.1,0.443,0.8,0.9,0.797,0.2,1.6,1.8,2,1,0.4,1.1,1.2,11
Herbert Jones,25,NOP,SF,76,76,30.5,3.9,7.7,0.498,1.8,2.1,0.867,1,2.6,3.6,2.6,1.4,0.8,1.2,2.9,11
Luke Kennard,27,MEM,SG,39,22,25.6,3.6,8.1,0.448,1,1.2,0.889,0.3,2.6,2.9,3.5,0.5,0.1,1.4,1,11
Luguentz Dort,24,OKC,SF,79,79,28.4,3.6,8.3,0.438,1.6,2,0.826,0.9,2.7,3.6,1.4,0.9,0.6,0.9,2.9,10.9
Jusuf Nurkić,29,PHO,C,76,76,27.3,4.2,8.3,0.51,2.2,3.4,0.64,2.9,8.1,11,4,1.1,1.1,2.3,3.3,10.9
Isaiah Stewart,22,DET,PF,46,45,30.9,4,8.3,0.487,1.4,1.8,0.753,1.6,5,6.6,1.6,0.4,0.8,1.4,2.2,10.9
Moritz Wagner,26,ORL,C,80,1,17.7,4.2,6.9,0.601,2.1,2.6,0.814,1.5,2.9,4.3,1.2,0.5,0.3,1.2,2,10.9
Bruce Brown,27,MULTI,SG,67,44,27.9,4.1,8.7,0.478,1.7,2.1,0.824,0.8,3.4,4.2,2.9,0.9,0.3,1.3,2.2,10.8
Jake LaRavia,22,MEM,PF,35,6,23,3.4,8.7,0.389,2.6,3.1,0.826,1.5,2.2,3.7,1.7,0.8,0.3,1.3,2,10.8
Santi Aldama,23,MEM,PF,61,35,26.5,4,9.3,0.435,0.9,1.4,0.621,1.2,4.6,5.8,2.3,0.7,0.9,1.1,1.5,10.7
Simone Fontecchio,28,MULTI,SF,66,43,24.9,3.8,8.3,0.46,0.8,1,0.818,1,2.8,3.7,1.5,0.7,0.3,1,1.7,10.5
Spencer Dinwiddie,30,MULTI,PG,76,52,28.3,3.3,8.4,0.392,2.2,2.8,0.805,0.4,2.3,2.7,4.7,0.7,0.3,1.2,1.8,10.5
Jaden McDaniels,23,MIN,SF,72,71,29.2,4.3,8.7,0.489,0.8,1.1,0.722,0.8,2.3,3.1,1.4,0.9,0.6,1.2,3,10.5
Alec Burks,32,MULTI,SG,66,1,18.4,3.2,8.6,0.369,2.2,2.5,0.868,0.4,1.9,2.3,1.3,0.4,0.2,0.7,1.1,10.4
Dalano Banton,24,MULTI,PG,54,9,19.4,3.7,9.3,0.404,1.7,2.2,0.783,0.8,2.5,3.3,2.4,0.6,0.4,1.4,1.2,10.3
Grant Williams,25,MULTI,PF,76,43,28,3.6,8,0.456,1.4,1.8,0.757,1.1,3.1,4.2,2.3,0.6,0.5,1.4,3,10.3
Obi Toppin,25,IND,PF,82,28,21.1,4,7.1,0.573,0.9,1.2,0.77,1,2.9,3.9,1.6,0.6,0.5,0.8,1.7,10.3
Kevin Huerter,25,SAC,SG,64,59,24.4,3.9,8.8,0.443,0.6,0.7,0.766,0.6,2.9,3.5,2.6,0.7,0.4,0.8,2.1,10.2
Reggie Jackson,33,DEN,PG,82,23,22.2,4,9.2,0.431,1,1.2,0.806,0.4,1.5,1.9,3.8,0.5,0.2,1.3,1.8,10.2
T.J. McConnell,31,IND,PG,71,4,18.2,4.6,8.4,0.556,0.7,0.9,0.79,0.5,2.2,2.7,5.5,1,0.1,1.5,1.1,10.2
Onyeka Okongwu,23,ATL,C,55,8,25.5,4.1,6.6,0.611,1.7,2.1,0.793,2.6,4.2,6.8,1.3,0.5,1.1,0.8,2.9,10.2
Kentavious Caldwell-Pope,30,DEN,SG,76,76,31.6,3.6,7.7,0.46,1.3,1.5,0.894,0.4,2,2.4,2.4,1.3,0.6,1,2,10.1
Alex Caruso,29,CHI,SG,71,57,28.7,3.6,7.6,0.468,1,1.4,0.76,0.9,3,3.8,3.5,1.7,1,1.4,2.5,10.1
Talen Horton-Tucker,23,UTA,PG,51,11,19.8,3.6,9.1,0.396,1.7,2.1,0.807,0.4,2,2.4,3.5,0.9,0.4,1.3,1.8,10.1
Tre Jones,24,SAS,PG,77,48,27.8,3.9,7.8,0.505,1.3,1.5,0.856,0.8,3,3.8,6.2,1,0.1,1.5,1.2,10
Caleb Martin,28,MIA,SF,64,23,27.4,3.8,8.7,0.431,1.2,1.5,0.778,1.2,3.2,4.4,2.2,0.7,0.5,1.2,2,10
Patrick Williams,22,CHI,PF,43,30,27.3,3.7,8.3,0.443,1.2,1.5,0.788,1.1,2.8,3.9,1.5,0.9,0.8,1.3,2,10
Vince Williams Jr.,23,MEM,SG,52,33,27.6,3.3,7.3,0.446,2,2.5,0.8,1.1,4.4,5.6,3.4,0.9,0.7,1.8,2.6,10
Josh Richardson,30,MIA,SG,43,6,25.7,3.6,8.1,0.444,1.2,1.3,0.944,0.4,2.4,2.8,2.4,0.6,0.3,0.8,1.8,9.9
Jalen Smith,23,IND,C,61,14,17.2,3.8,6.5,0.592,1.2,1.7,0.692,1.8,3.7,5.5,1,0.3,0.6,0.7,2,9.9
Gordon Hayward,33,MULTI,SF,51,28,24.4,3.7,7.9,0.464,1.7,2.4,0.742,0.7,2.8,3.5,3.1,0.8,0.3,1.3,1.3,9.8
Kelly Olynyk,32,MULTI,C,78,27,22.6,3.5,6.4,0.555,1.9,2.3,0.833,1.4,3.9,5.3,4.4,0.9,0.4,1.9,2.9,9.8
Tari Eason,22,HOU,PF,22,0,21.8,4,8.6,0.466,1,1.5,0.636,2.1,4.9,7,1.2,1.4,0.9,0.9,2.3,9.8
Nick Richards,26,CHO,C,67,51,26.3,3.9,5.6,0.691,2,2.7,0.737,2.6,5.5,8,0.8,0.4,1.1,1.1,2.6,9.7
Lonnie Walker IV,25,BRK,SG,58,0,17.4,3.6,8.5,0.423,0.8,1,0.763,0.2,2,2.2,1.3,0.6,0.3,0.9,1.2,9.7
Payton Pritchard,26,BOS,PG,82,5,22.3,3.6,7.7,0.468,0.6,0.7,0.821,0.9,2.4,3.2,3.4,0.5,0.1,0.7,1.3,9.6
Amen Thompson,21,HOU,SF,62,23,22.4,3.9,7.2,0.536,1.7,2.5,0.684,2.4,4.2,6.6,2.6,1.3,0.6,1.5,2.3,9.5
Josh Hart,28,NYK,SF,81,42,33.4,3.6,8.4,0.434,1.1,1.4,0.791,1.6,6.8,8.3,4.1,0.9,0.3,1.5,2.1,9.4
Georges Niang,30,CLE,PF,82,10,22.3,3.5,7.7,0.449,0.6,0.7,0.85,0.3,3.1,3.4,1.2,0.4,0.2,0.9,2.3,9.4
Isaac Okoro,23,CLE,SF,69,42,27.3,3.4,7,0.49,1.3,2,0.679,1,2,3,1.9,0.8,0.5,0.8,2,9.4
Tre Mann,22,MULTI,PG,41,28,24.1,3.5,7.7,0.459,1.1,1.4,0.763,0.5,3.1,3.6,4,1.2,0.1,1.6,1.2,9.3
Malaki Branham,20,SAS,PG,75,29,21.3,3.6,8.4,0.432,0.7,0.8,0.873,0.4,1.6,2,2.1,0.4,0.1,1.2,1.3,9.2
Andrew Nembhard,24,IND,PG,68,47,25,3.8,7.7,0.498,0.7,0.8,0.804,0.5,1.5,2.1,4.1,0.9,0.1,1.5,2.1,9.2
Chris Paul,38,GSW,PG,58,18,26.4,3.6,8.1,0.441,0.7,0.9,0.827,0.3,3.6,3.9,6.8,1.2,0.1,1.3,1.9,9.2
Brandin Podziemski,20,GSW,SG,74,28,26.6,3.7,8.1,0.454,0.7,1.1,0.633,1.6,4.2,5.8,3.7,0.8,0.2,1.2,1.6,9.2
Duop Reath,27,POR,C,68,20,17.9,3.4,7.3,0.461,1,1.4,0.742,1.4,2.3,3.7,1,0.5,0.6,0.8,2.4,9.1
Sam Hauser,26,BOS,SF,79,13,22,3.2,7.1,0.446,0.2,0.2,0.895,0.6,2.9,3.5,1,0.5,0.3,0.4,1.3,9
Taurean Prince,29,LAL,PF,78,49,27,3.2,7.3,0.442,0.6,0.9,0.735,0.3,2.7,2.9,1.5,0.7,0.4,0.9,1.9,8.9
Jabari Walker,21,POR,SF,72,23,23.6,3.3,7.1,0.46,1.8,2.4,0.754,2.1,5,7.1,1,0.6,0.3,0.9,2.4,8.9
Dereck Lively II,19,DAL,C,55,42,23.5,4,5.4,0.747,0.7,1.5,0.506,2.5,4.4,6.9,1.1,0.7,1.4,0.9,2.6,8.8
Kevin Love,35,MIA,PF,55,5,16.8,2.9,6.5,0.44,1.5,2,0.787,1.1,5.1,6.1,2.1,0.3,0.2,0.9,1.8,8.8
Terance Mann,27,LAC,SG,75,71,25,3.4,6.6,0.515,1.1,1.3,0.832,1.2,2.2,3.4,1.6,0.6,0.2,0.6,1.9,8.8
Ausar Thompson,21,DET,SF,63,38,25.1,3.7,7.6,0.483,1.1,1.9,0.597,2,4.3,6.4,1.9,1.1,0.9,1.3,2.8,8.8
Draymond Green,33,GSW,PF,55,52,27.1,3.4,6.8,0.497,1,1.3,0.73,1.4,5.9,7.2,6,1,0.9,2.5,3,8.6
Al Horford,37,BOS,C,65,33,26.8,3.3,6.4,0.511,0.4,0.5,0.867,1.3,5.1,6.4,2.6,0.6,1,0.7,1.4,8.6
Derrick Jones Jr.,26,DAL,SF,76,66,23.5,3.1,6.5,0.483,1.3,1.8,0.713,1.1,2.2,3.3,1,0.7,0.7,0.9,1.6,8.6
Gradey Dick,20,TOR,SG,60,17,21.1,3.2,7.4,0.425,0.7,0.9,0.863,0.5,1.8,2.2,1.1,0.6,0,0.8,1.5,8.5
Dorian Finney-Smith,30,BRK,PF,68,56,28.4,3.2,7.5,0.421,0.5,0.7,0.717,1.6,3.1,4.7,1.6,0.8,0.6,0.9,2.2,8.5
Tristan Vukcevic,20,WAS,C,10,4,15.3,2.9,6.7,0.433,1.7,2.2,0.773,0.6,3,3.6,1.3,0.5,0.7,1,2.8,8.5
Bilal Coulibaly,19,WAS,SF,63,15,27.2,3,6.9,0.435,1.5,2.1,0.702,0.9,3.2,4.1,1.7,0.9,0.8,1.4,2.2,8.4
Andre Drummond,30,CHI,C,79,10,17.1,3.4,6.1,0.556,1.6,2.8,0.592,3.4,5.6,9,0.5,0.9,0.6,1,1.8,8.4
Miles McBride,23,NYK,PG,68,14,19.5,3,6.7,0.452,0.6,0.7,0.86,0.5,1,1.5,1.7,0.7,0.1,0.4,1.6,8.3
Marcus Sasser,23,DET,PG,71,11,19,3.1,7.2,0.428,0.8,0.9,0.879,0.2,1.6,1.8,3.3,0.6,0.2,1.3,1.5,8.3
Josh Green,23,DAL,SG,57,33,26.4,3.1,6.6,0.479,0.7,1,0.684,0.7,2.5,3.2,2.3,0.8,0.2,1.1,1.9,8.2
Isaiah Joe,24,OKC,SG,78,1,18.5,2.8,6.2,0.458,0.6,0.7,0.865,0.4,1.9,2.3,1.3,0.6,0.3,0.6,1.1,8.2
Ziaire Williams,22,MEM,SF,51,15,20.4,2.9,7.4,0.397,1.2,1.5,0.827,0.7,2.8,3.5,1.5,0.7,0.2,1.3,1.7,8.2
Kyle Lowry,37,MULTI,PG,60,55,28.2,2.7,6.3,0.432,1.1,1.3,0.84,0.6,2.7,3.2,4.2,1,0.4,1.4,2.4,8.1
Walker Kessler,22,UTA,C,64,22,23.3,3.6,5.5,0.654,0.9,1.5,0.602,2.6,4.9,7.5,0.9,0.5,2.4,1,2.1,8.1
Moses Moody,21,GSW,SG,66,9,17.5,2.9,6.4,0.462,1.1,1.4,0.785,1,2,3,0.9,0.6,0.4,0.7,1.4,8.1
Nickeil Alexander-Walker,25,MIN,SG,82,20,23.4,2.9,6.6,0.439,0.6,0.8,0.8,0.4,1.6,2,2.5,0.8,0.5,0.9,1.7,8
Sam Merrill,27,CLE,SG,61,1,17.5,2.6,6.4,0.402,0.4,0.5,0.929,0.4,1.6,2,1.8,0.3,0.1,0.3,1.2,8
Derrick Rose,35,MEM,PG,24,7,16.6,3.2,6.9,0.461,1,1.1,0.889,0.3,1.6,1.9,3.3,0.3,0.1,1.3,0.9,8
Dario Šarić,29,GSW,C,64,9,17.2,2.8,6.1,0.466,1.2,1.5,0.849,1.1,3.3,4.4,2.3,0.5,0.2,1.2,1.8,8
Trayce Jackson-Davis,23,GSW,PF,68,16,16.6,3.4,4.9,0.702,1.1,1.9,0.561,2,3,5,1.2,0.4,1.1,0.7,1.6,7.9
Dante Exum,28,DAL,PG,55,17,19.8,2.9,5.5,0.533,1,1.2,0.779,0.5,2.3,2.7,2.9,0.4,0.1,0.9,1.5,7.8
Markelle Fultz,25,ORL,PG,43,18,21.2,3.6,7.6,0.472,0.5,0.8,0.697,1.3,1.9,3.2,2.8,1,0.3,1.2,1.5,7.8
Isaiah Hartenstein,25,NYK,C,75,49,25.3,3.1,4.9,0.644,1.5,2.1,0.707,3.3,5.1,8.3,2.5,1.2,1.1,1.2,2.8,7.8
Jordan Hawkins,21,NOP,SG,67,10,17.3,2.6,6.8,0.382,1,1.2,0.838,0.4,1.8,2.2,1,0.3,0.1,0.6,1.1,7.8
Royce O'Neale,30,MULTI,SF,79,14,24.7,2.7,6.8,0.397,0.3,0.4,0.686,0.8,4,4.8,2.8,0.7,0.6,0.9,2.2,7.7
RaiQuan Gray,24,SAS,PF,3,0,13,3.3,5.7,0.588,0,0,,0.7,1.7,2.3,2,0.3,0.3,0.3,0,7.7
Nikola Jović,20,MIA,PF,46,38,19.5,2.8,6.1,0.452,0.7,1,0.702,0.5,3.6,4.2,2,0.5,0.3,0.9,1.8,7.7
Precious Achiuwa,24,MULTI,PF,74,18,21.9,3.2,6.3,0.501,0.9,1.5,0.616,2.6,4,6.6,1.3,0.6,0.9,1.1,1.9,7.6
Toumani Camara,23,POR,PF,70,49,24.8,2.8,6.3,0.45,1.1,1.4,0.758,2,2.9,4.9,1.2,0.9,0.5,1.2,2.5,7.5
Cody Martin,28,CHO,SF,28,22,26.9,2.9,7.7,0.381,0.7,1.2,0.606,0.7,3.2,3.9,3.7,1.1,0.6,1.6,1.7,7.5
Brice Sensabaugh,20,UTA,SF,32,11,18.3,2.7,6.8,0.39,1.2,1.3,0.902,0.5,2.7,3.2,1.7,0.4,0.2,1.5,1.3,7.5
Cameron Payne,29,MULTI,PG,78,10,16.7,2.7,6.2,0.432,0.7,0.9,0.866,0.3,1.2,1.5,2.6,0.5,0.1,0.8,1.6,7.4
Christian Braun,22,DEN,SG,82,4,20.2,2.7,5.9,0.46,1.1,1.6,0.694,1,2.8,3.7,1.6,0.5,0.4,0.7,1.7,7.3
Jaden Hardy,21,DAL,SG,73,7,13.5,2.7,6.6,0.407,0.8,1,0.776,0.3,1.5,1.8,1.5,0.3,0.1,0.8,1.1,7.3
Taylor Hendricks,20,UTA,PF,40,23,21.4,2.7,6,0.45,0.6,0.7,0.793,1.2,3.5,4.6,0.8,0.7,0.8,0.7,1.9,7.3
Paul Reed,24,PHI,C,82,24,19.4,3.2,5.9,0.54,0.7,1,0.718,2.4,3.6,6,1.3,0.8,1,0.8,2.4,7.3
Lamar Stevens,26,MULTI,PF,38,3,14.7,2.8,6.3,0.45,1.1,1.4,0.778,0.9,2.4,3.3,0.7,0.6,0.6,0.6,1.2,7.2
Johnny Juzang,22,UTA,SG,20,5,18.6,2.6,5.5,0.464,0.5,0.7,0.714,0.4,1.5,1.8,1.2,0.2,0.1,0.7,1.5,7.2
Kevin Knox,24,DET,SF,31,11,18.1,2.8,6,0.462,0.6,0.7,0.909,0.6,1.8,2.4,0.7,0.4,0.2,0.7,1.6,7.2
Trey Lyles,28,SAC,PF,58,0,20,2.5,5.5,0.445,0.8,1.2,0.7,1.1,3.4,4.4,1.2,0.3,0.3,0.7,1.5,7.2
Jose Alvarado,25,NOP,PG,56,0,18.4,2.5,6.2,0.412,0.6,0.9,0.673,0.4,1.8,2.3,2.1,1.1,0.3,0.7,1.6,7.1
Naji Marshall,26,NOP,SF,66,1,19,2.6,5.6,0.463,1,1.3,0.791,0.8,2.8,3.6,1.9,0.7,0.2,1,1.4,7.1
Landry Shamet,26,WAS,SG,46,5,15.8,2.6,6,0.431,0.8,1,0.826,0.3,1,1.3,1.2,0.5,0.2,0.7,1.7,7.1
James Wiseman,22,DET,C,63,6,17.3,3,4.8,0.613,1.1,1.6,0.706,1.7,3.6,5.3,0.9,0.2,0.6,1,2.2,7.1
Vasilije Micić,30,MULTI,PG,60,21,19.6,2.7,6.2,0.43,1,1.3,0.813,0.2,1.2,1.5,4.4,0.5,0.1,1.7,1.1,7
Jordan Nwora,25,MULTI,SF,52,1,13.7,2.7,5.8,0.462,0.8,1,0.83,0.5,2.3,2.9,1.2,0.5,0.3,1,0.9,7
Quentin Grimes,23,MULTI,SG,51,18,20.1,2.4,6.4,0.372,0.7,0.9,0.756,0.3,1.7,2,1.3,0.7,0.1,0.5,1.5,7
Javon Freeman-Liberty,24,TOR,PG,22,6,18.3,2.5,5.6,0.444,1.5,1.6,0.917,0.7,2.5,3.2,1.8,0.5,0.2,1.1,1.3,7
Evan Fournier,31,MULTI,SG,32,0,18.1,2.5,6.9,0.357,0.9,1.1,0.806,0.2,1.7,1.8,1.5,0.9,0.2,0.7,1.5,6.9
Gary Harris,29,ORL,SG,54,27,24,2.4,5.5,0.441,0.6,0.8,0.756,0.4,1.2,1.7,1.6,0.9,0.3,0.6,1.7,6.9
Killian Hayes,22,DET,PG,42,31,24,2.8,6.7,0.413,0.8,1.2,0.66,0.3,2.6,2.8,4.9,0.9,0.5,1.2,1.8,6.9
Bones Hyland,23,LAC,PG,37,5,14.6,2.6,6.8,0.386,0.5,0.6,0.783,0.1,1.4,1.5,2.5,0.7,0.1,1.2,1.4,6.9
Mãozinha Pereira,23,MEM,SF,7,1,17.4,2.6,5,0.514,1,1.4,0.7,1.6,3.7,5.3,0.3,0.9,0.6,0.7,1.4,6.9
Trendon Watford,23,BRK,PF,63,2,13.6,2.6,4.9,0.527,1.2,1.5,0.794,0.8,2.3,3.1,1.3,0.4,0.3,1,1.7,6.9
Aaron Wiggins,25,OKC,SG,78,4,15.7,2.7,4.8,0.562,0.7,0.9,0.789,0.8,1.6,2.4,1.1,0.7,0.2,0.7,1.2,6.9
Christian Wood,28,LAL,PF,50,1,17.4,2.5,5.3,0.466,1.3,1.9,0.702,0.8,4.3,5.1,1,0.3,0.7,1,1.4,6.9
Trey Jemison,24,MULTI,C,25,14,22.9,3,5.4,0.551,0.8,1,0.84,2.6,2.8,5.4,1.1,0.5,1.1,1.4,2.8,6.8
Julian Champagnie,22,SAS,SF,74,59,19.8,2.2,5.4,0.408,1,1.2,0.815,0.6,2.2,2.8,1.4,0.6,0.6,0.8,1,6.8
Jonathan Isaac,26,ORL,PF,58,2,15.8,2.5,4.9,0.51,1,1.4,0.72,1.3,3.2,4.5,0.5,0.7,1.2,0.5,1.1,6.8
Cedi Osman,28,SAS,SF,72,3,17.6,2.6,5.3,0.479,0.5,0.7,0.673,0.3,2.2,2.5,1.7,0.5,0.2,0.7,1.5,6.8
Day'Ron Sharpe,22,BRK,C,61,1,15.1,2.8,4.8,0.571,1.2,2,0.61,2.6,3.7,6.4,1.4,0.4,0.7,1.1,2.1,6.8
Cason Wallace,20,OKC,SG,82,13,20.6,2.6,5.4,0.491,0.4,0.5,0.784,0.6,1.6,2.3,1.5,0.9,0.5,0.5,1.6,6.8
Robert Williams,26,POR,C,6,0,19.8,2.8,4.3,0.654,1.2,1.5,0.778,1.8,4.5,6.3,0.8,1.2,1.2,1.2,2.8,6.8
Dāvis Bertāns,31,MULTI,PF,43,1,15.7,2.1,5.4,0.393,0.7,0.8,0.909,0.2,1.2,1.4,0.8,0.6,0.3,0.4,1.3,6.7
Jahmi'us Ramsey,22,TOR,SG,7,1,17.3,2.6,5.9,0.439,0.7,0.9,0.833,0.6,2.6,3.1,1.1,1,0,1,1.4,6.7
Peyton Watson,21,DEN,SF,80,4,18.6,2.6,5.6,0.465,0.9,1.3,0.67,0.7,2.5,3.2,1.1,0.5,1.1,0.7,1.8,6.7
Amir Coffey,26,LAC,SF,70,13,20.9,2.4,5,0.472,0.9,1,0.859,0.4,1.7,2.1,1.1,0.6,0.2,0.5,1.5,6.6
Aaron Holiday,27,HOU,PG,78,1,16.3,2.4,5.3,0.446,0.7,0.8,0.921,0.3,1.3,1.6,1.8,0.5,0.1,0.7,1.6,6.6
Dennis Smith Jr.,26,BRK,PG,56,2,18.9,2.6,6,0.435,0.8,1,0.741,0.9,2,2.9,3.6,1.2,0.2,1.2,2.2,6.6
Chimezie Metu,26,MULTI,C,51,12,16.8,2.4,4.8,0.504,1.1,1.3,0.906,0.8,3,3.8,0.9,0.8,0.3,1,1.4,6.5
Jordan Goodwin,25,MULTI,PG,57,12,18.5,2.5,6.7,0.369,0.8,1,0.746,1.5,2.9,4.4,2.7,0.8,0.3,1,1.3,6.5
David Roddy,22,MULTI,PF,65,13,18.1,2.5,6.3,0.403,0.7,1,0.691,0.8,2.4,3.2,1.2,0.4,0.2,0.9,1.1,6.5
David Duke Jr.,24,SAS,SG,4,0,12.8,2.5,4.5,0.556,0.8,0.8,1,0.5,2,2.5,1.3,0.5,0,0.8,1,6.5
Jeff Green,37,HOU,PF,78,6,16.8,2.1,4.7,0.456,1.6,1.9,0.819,0.6,1.7,2.3,0.9,0.2,0.4,0.6,1.3,6.5
Isaiah Jackson,22,IND,C,59,3,13.1,2.6,3.9,0.665,1.2,1.7,0.716,1.6,2.4,4,0.8,0.6,1,0.7,2.3,6.5
Marcus Morris,34,MULTI,PF,49,7,16.7,2.4,5.4,0.439,0.7,0.9,0.818,0.5,2.3,2.7,0.7,0.3,0.3,0.6,1.5,6.4
Kyle Anderson,30,MIN,PF,79,10,22.6,2.5,5.5,0.46,1.2,1.7,0.708,0.8,2.7,3.5,4.2,0.9,0.6,1.2,1.6,6.4
Chris Boucher,31,TOR,PF,50,0,14.1,2.2,4.3,0.507,1.4,1.8,0.772,1.2,2.9,4.1,0.5,0.3,0.5,0.6,1.4,6.4
Jared Butler,23,WAS,SG,40,0,14.2,2.5,5,0.488,0.8,0.9,0.861,0.2,1.2,1.5,3.2,0.7,0.2,1.3,1.5,6.3
Bruno Fernando,25,ATL,C,45,2,15.2,2.4,4.2,0.583,1.4,2.1,0.667,1.3,3,4.3,1,0.6,0.6,1,2.4,6.3
Daniel Theis,31,MULTI,C,60,3,16.9,2.6,4.9,0.532,0.6,0.8,0.76,1.4,2.7,4.1,1,0.4,0.9,0.7,2.1,6.3
Jaylen Nowell,24,MULTI,SG,13,1,16.5,2.6,6,0.436,0.5,0.7,0.778,0.5,1.4,1.8,1.5,0.3,0.2,0.5,1.2,6.2
Patrick Beverley,35,MULTI,PG,73,13,20,2.2,5.2,0.417,1,1.2,0.822,0.7,2.6,3.3,2.9,0.6,0.4,0.9,1.8,6.2
Jae Crowder,33,MIL,PF,50,25,23.1,2.3,5.4,0.422,0.5,0.7,0.722,0.6,2.6,3.2,1.3,0.8,0.2,0.5,1.5,6.2
Keon Johnson,21,BRK,SG,5,0,12.2,1.6,4.2,0.381,2.2,2.4,0.917,0.6,0.8,1.4,0.6,0.6,0.2,1,1,6.2
Haywood Highsmith,27,MIA,PF,66,26,20.7,2.3,5,0.465,0.3,0.5,0.639,1,2.2,3.2,1.1,0.8,0.5,0.5,1.8,6.1
Vit Krejci,23,ATL,PG,22,14,24.6,2.3,4.7,0.49,0.2,0.3,0.833,0.5,1.9,2.4,2.3,0.6,0.3,0.9,2.2,6.1
Kris Murray,23,POR,SF,62,29,21.7,2.3,5.9,0.396,0.6,0.9,0.661,1.4,2.2,3.6,1.3,0.9,0.3,0.9,1.5,6.1
Ben Simmons,27,BRK,PG,15,12,23.9,2.9,4.9,0.581,0.4,1,0.4,2.1,5.9,7.9,5.7,0.8,0.6,1.8,2.4,6.1
Zavier Simpson,26,MEM,PG,7,0,23,2.4,7.7,0.315,0.4,0.6,0.75,0.6,2.3,2.9,3.6,1,0.4,1.4,1.6,6
Tosan Evbuomwan,22,MULTI,SF,17,8,21.6,2.1,4.2,0.507,1,1.5,0.68,1.1,2.5,3.5,0.9,0.4,0.3,0.5,1.4,5.9
Justin Champagnie,22,WAS,SF,15,1,15.7,2.1,5.2,0.41,0.8,1,0.8,1.3,2.3,3.5,1.3,0.7,0.6,0.7,0.9,5.9
Nick Smith Jr.,19,CHO,SG,51,0,14.3,2.2,5.7,0.391,0.3,0.3,0.867,0.4,1.1,1.4,1.2,0.2,0.1,0.8,1.1,5.9
Ochai Agbaji,23,MULTI,SG,78,28,21,2.3,5.6,0.411,0.5,0.7,0.661,0.9,1.8,2.8,1.1,0.6,0.6,0.8,1.5,5.8
Noah Clowney,19,BRK,PF,23,4,16.1,2.2,4,0.538,0.9,1.3,0.7,1.1,2.4,3.5,0.8,0.3,0.7,0.7,1.1,5.8
Dyson Daniels,20,NOP,PG,61,16,22.3,2.3,5.1,0.447,0.6,0.9,0.642,1,2.9,3.9,2.7,1.4,0.4,1,1.7,5.8
Danilo Gallinari,35,MULTI,SF,49,0,12.9,1.7,3.9,0.437,1.7,2,0.857,0.4,1.8,2.2,1.1,0.3,0.1,0.5,1,5.7
Thomas Bryant,26,MIA,C,38,4,11.6,2.3,3.9,0.577,1.1,1.2,0.872,1.1,2.7,3.7,0.6,0.3,0.4,0.6,1.2,5.7
Torrey Craig,33,CHI,SF,53,14,19.8,2,4.7,0.43,0.5,0.7,0.75,1.3,2.8,4.1,1.1,0.6,0.4,0.6,2.1,5.7
Larry Nance Jr.,31,NOP,C,61,0,19.9,2.3,4,0.573,0.8,1,0.77,1.5,3.5,5,1.9,1,0.3,0.8,1.6,5.7
Pat Connaughton,31,MIL,SF,76,3,22.1,2,4.6,0.435,0.6,0.8,0.759,0.7,2.5,3.1,2.1,0.5,0.3,0.6,1.3,5.6
Craig Porter Jr.,23,CLE,PG,51,6,12.7,2.3,4.5,0.509,0.8,1.1,0.732,0.4,1.7,2.1,2.3,0.4,0.3,0.9,0.8,5.6
Mitchell Robinson,25,NYK,C,31,21,24.8,2.4,4.1,0.575,0.9,2.1,0.409,4.6,3.9,8.5,0.6,1.2,1.1,0.8,1.8,5.6
Malachi Flynn,25,MULTI,PG,69,0,12.7,2,4.7,0.418,0.8,1,0.732,0.3,1.3,1.7,1.9,0.6,0.1,0.9,1,5.5
Doug McDermott,32,MULTI,SF,64,0,14.1,1.9,4.4,0.433,0.2,0.3,0.579,0.2,0.8,0.9,1.1,0.3,0,0.4,1,5.5
Dexter Dennis,24,DAL,SG,4,0,7.5,2.5,4.8,0.526,0.3,0.8,0.333,0.3,2,2.3,1,0,0.3,0.8,0.3,5.5
Gary Payton II,31,GSW,SG,44,0,15.5,2.3,4.2,0.563,0.3,0.5,0.609,1,1.5,2.6,1.1,0.9,0.4,0.6,1.8,5.5
Neemias Queta,24,BOS,C,28,0,11.9,2.4,3.7,0.644,0.7,1,0.714,1.9,2.5,4.4,0.7,0.5,0.8,0.5,1.8,5.5
Ricky Council IV,22,PHI,SG,32,0,9,1.7,3.5,0.482,1.7,2.2,0.746,0.4,1,1.4,0.5,0.3,0,0.2,0.5,5.4
Kris Dunn,29,UTA,PG,66,32,18.9,2.2,4.7,0.47,0.3,0.5,0.688,0.8,2.1,2.9,3.8,1,0.4,1.2,2,5.4
Keon Ellis,24,SAC,SG,57,21,17.2,1.9,4.1,0.461,0.5,0.6,0.743,0.6,1.6,2.2,1.5,0.9,0.5,0.6,2,5.4
Cam Reddish,24,LAL,SF,48,26,20.5,1.9,4.9,0.389,0.9,1.1,0.759,0.6,1.5,2.1,1,1,0.3,0.6,1.3,5.4
Matt Ryan,26,NOP,SF,28,1,13.9,1.8,4,0.434,0.5,0.5,0.929,0.2,1.2,1.4,0.6,0.2,0,0.7,1.1,5.4
Matisse Thybulle,26,POR,SF,65,19,22.9,1.9,4.9,0.397,0.3,0.4,0.759,0.5,1.6,2.1,1.4,1.7,0.8,0.6,1.4,5.4
Sasha Vezenkov,28,SAC,PF,42,0,12.2,2,4.5,0.44,0.3,0.4,0.8,0.7,1.6,2.3,0.5,0.5,0.2,0.3,1,5.4
Dean Wade,27,CLE,PF,54,32,20.5,1.8,4.3,0.414,0.4,0.5,0.769,0.7,3.4,4,0.8,0.7,0.5,0.4,1.7,5.4
Darius Bazley,23,MULTI,PF,9,0,16.9,2,3.3,0.6,1.1,1.3,0.833,0.9,2.2,3.1,0.8,0.7,0.8,0.9,0.3,5.3
Xavier Tillman Sr.,25,MULTI,PF,54,15,18,2.2,5.2,0.434,0.4,0.9,0.44,1.3,2.6,3.9,1.4,0.9,0.8,0.6,1.4,5.3
Nicolas Batum,35,MULTI,PF,60,38,25.5,1.9,4.3,0.453,0.3,0.4,0.714,1.2,3,4.1,2.1,0.8,0.6,0.7,1.8,5.3
Luke Kornet,28,BOS,C,63,7,15.6,2.3,3.2,0.7,0.8,0.9,0.907,1.9,2.3,4.1,1.1,0.4,1,0.3,1.2,5.3
Davion Mitchell,25,SAC,PG,72,4,15.3,2,4.5,0.452,0.4,0.6,0.714,0.3,1.1,1.3,1.9,0.2,0,0.6,1.2,5.3
Mason Plumlee,33,LAC,C,46,11,14.7,1.9,3.3,0.569,1.5,2.2,0.707,1.3,3.8,5.1,1.2,0.3,0.4,0.8,1.5,5.3
Stanley Umude,24,DET,SG,24,2,12.8,1.5,3.5,0.44,1.2,1.3,0.906,0.3,1.8,2.1,0.5,0.3,0.3,0.6,1.7,5.3
Aleksej Pokusevski,22,MULTI,PF,28,0,14.5,1.8,4.3,0.405,1.1,1.5,0.732,0.6,2.6,3.2,1.3,0.5,0.5,0.7,0.8,5.2
Bol Bol,24,PHO,PF,43,0,10.9,2.2,3.5,0.616,0.3,0.4,0.789,0.7,2.4,3.2,0.4,0.2,0.6,0.4,1,5.2
Brandon Boston Jr.,22,LAC,SF,32,0,10.8,2,5,0.404,0.7,1,0.697,0.6,1,1.6,0.4,0.3,0.3,0.8,1.3,5.2
Jarred Vanderbilt,24,LAL,PF,29,6,20,2,3.9,0.518,0.8,1.2,0.667,1.4,3.3,4.8,1.2,1.2,0.2,1,1.5,5.2
Seth Curry,33,MULTI,SG,44,4,14,1.8,4.6,0.392,0.6,0.7,0.903,0.4,1.1,1.5,1,0.5,0.1,0.5,0.9,5.1
Drew Eubanks,26,PHO,C,75,6,15.6,2,3.4,0.601,1,1.2,0.774,1.4,2.9,4.3,0.8,0.4,0.8,0.8,1.5,5.1
Bryce McGowens,21,CHO,SG,59,14,14.9,1.7,3.9,0.439,1.1,1.4,0.776,0.3,1.4,1.7,0.9,0.4,0.2,0.5,1.3,5.1
Richaun Holmes,30,MULTI,C,40,10,13.9,2.1,3.7,0.558,0.9,1.2,0.723,1.8,2.8,4.6,0.6,0.3,0.5,0.6,1.9,5
Monte Morris,28,MULTI,PG,33,0,14.4,1.9,4.6,0.405,0.4,0.6,0.684,0.2,1.5,1.7,2.1,0.6,0.3,0.2,0.4,5
Monte Morris,28,DET,PG,6,0,11.3,2,5.5,0.364,0.2,0.3,0.5,0.3,1.7,2,1.3,0.2,0.2,0.3,0.2,4.5
Monte Morris,28,MIN,PG,27,0,15.1,1.9,4.4,0.417,0.4,0.6,0.706,0.2,1.5,1.7,2.3,0.7,0.3,0.2,0.5,5.1
Goga Bitadze,24,ORL,C,62,33,15.4,2,3.4,0.603,0.9,1.4,0.655,1.8,2.9,4.6,1.3,0.5,1.2,0.7,1.7,5
Jevon Carter,28,CHI,PG,72,0,13.9,1.9,5.1,0.378,0.1,0.1,0.571,0.2,0.7,0.8,1.3,0.5,0.2,0.5,1,5
Devonte' Graham,28,SAS,PG,23,0,13.6,1.7,4.7,0.352,0.6,0.7,0.813,0.2,1.3,1.6,2.1,0.4,0.1,0.7,0.6,5
Isaiah Livers,25,DET,PF,23,6,20.4,1.7,5,0.345,0.5,0.8,0.667,0.7,1.4,2.1,1.1,0.6,0.2,0.7,1.9,5
Kobi Simmons,26,TOR,PG,4,0,16.8,2.3,5.3,0.429,0,0,,0.3,1.5,1.8,3,1.5,0.5,0.3,1.3,5
D.J. Wilson,27,PHI,PF,2,0,7.5,2,3,0.667,0,0,,0.5,0.5,1,1,0,1,0,0.5,5
Jalen Wilson,23,BRK,PF,43,3,15.4,1.8,4.2,0.425,0.9,1.1,0.826,1.1,2,3,1,0.3,0.1,0.4,1.1,5
Jock Landale,28,HOU,C,56,3,13.6,1.9,3.7,0.515,0.9,1.2,0.8,1.6,1.5,3.1,1.2,0.4,0.6,0.6,1.3,4.9
Garrison Mathews,27,ATL,SG,66,5,15,1.6,3.4,0.456,0.5,0.6,0.81,0.3,1.1,1.4,0.6,0.3,0.1,0.3,1.7,4.9
Jared Rhoden,24,DET,SG,17,0,14.4,1.9,3.9,0.5,0.3,0.5,0.625,0.2,1.8,1.9,0.8,0.2,0.8,0.4,1.6,4.9
Kobe Bufkin,20,ATL,SG,17,0,11.5,2,5.4,0.37,0.2,0.5,0.5,0.4,1.6,1.9,1.6,0.4,0.3,0.6,1.2,4.8
DeJon Jarreau,26,MEM,SG,9,0,16.7,1.9,5.6,0.34,0.6,1.2,0.455,0.9,4,4.9,2.9,0.7,0.2,1,1.6,4.8
Eugene Omoruyi,26,WAS,SF,43,0,9.1,1.9,3.9,0.485,0.7,1.1,0.653,0.8,1.2,2,0.8,0.6,0.1,0.5,1.4,4.8
Kenrich Williams,29,OKC,PF,69,1,14.9,1.9,4.1,0.468,0.1,0.2,0.5,0.9,2.1,3,1.3,0.6,0.1,0.5,1.5,4.7
Kenneth Lofton Jr.,21,MULTI,PF,21,0,9.5,1.7,3.7,0.462,0.8,1.2,0.654,0.6,1.2,1.8,1.6,0.3,0.2,0.7,1.1,4.6
Anthony Black,20,ORL,PG,69,33,16.9,1.7,3.6,0.466,0.7,1.2,0.613,0.5,1.5,2,1.3,0.5,0.3,0.8,1.6,4.6
Josh Okogie,25,PHO,SG,60,11,16,1.4,3.4,0.417,1.3,1.7,0.745,1.2,1.3,2.6,1.1,0.8,0.4,0.6,1.1,4.6
Omer Yurtseven,25,UTA,C,48,12,11.4,2.1,3.8,0.538,0.4,0.6,0.679,1.5,2.8,4.3,0.6,0.2,0.4,0.8,1.1,4.6
Shake Milton,27,MULTI,SG,48,0,12.1,1.6,4.1,0.405,0.8,1,0.816,0.3,1.3,1.6,1.3,0.4,0.1,0.6,1.1,4.5
Delon Wright,31,MULTI,PG,47,1,15.8,1.6,4,0.394,0.8,1,0.822,0.4,1.4,1.8,2.5,1.1,0.2,0.3,0.7,4.5
A.J. Green,24,MIL,SG,56,0,11,1.5,3.5,0.423,0.3,0.3,0.895,0.2,1,1.1,0.5,0.2,0.1,0.2,0.9,4.5
Kevon Looney,27,GSW,C,74,36,16.1,1.9,3.1,0.597,0.8,1.1,0.675,1.9,3.7,5.7,1.8,0.4,0.4,0.7,2.1,4.5
Taze Moore,25,POR,SG,4,0,10,2,4.8,0.421,0.3,0.5,0.5,1,1,2,1.3,0.5,0,0.8,1,4.5
Julian Strawther,21,DEN,SF,50,0,10.9,1.6,4.4,0.369,0.4,0.6,0.71,0.1,1.1,1.2,0.9,0.3,0.1,0.5,1.1,4.5
Bismack Biyombo,31,MULTI,C,40,27,19.8,1.9,3.3,0.565,0.7,1.4,0.481,1.6,3.7,5.2,1.3,0.3,0.9,1.1,2.2,4.4
Robert Covington,33,MULTI,PF,29,6,16.8,1.5,3.4,0.439,0.8,0.9,0.846,1.1,2.3,3.3,0.8,1.3,0.6,0.4,1.9,4.4
Patrick Baldwin Jr.,21,WAS,SF,38,7,13,1.6,4.1,0.381,0.5,0.7,0.679,0.4,2.8,3.2,0.8,0.5,0.4,0.5,1.5,4.4
Mo Bamba,25,PHI,C,57,17,13,1.7,3.5,0.49,0.6,0.9,0.68,1.4,2.8,4.2,0.7,0.4,1.1,0.7,1.8,4.4
Dominick Barlow,20,SAS,PF,33,1,12.7,1.7,3.4,0.496,0.9,1.3,0.69,1.4,2.1,3.4,1.1,0.4,0.4,0.3,1.4,4.4
MarJon Beauchamp,23,MIL,SF,48,1,12.7,1.7,3.5,0.488,0.4,0.6,0.679,0.5,1.6,2.1,0.6,0.3,0.1,0.6,1.1,4.4
Joe Ingles,36,ORL,SF,68,0,17.2,1.5,3.3,0.436,0.4,0.5,0.824,0.3,1.8,2.1,3,0.6,0.1,1,1.3,4.4
Maxi Kleber,32,DAL,C,43,7,20.3,1.5,3.4,0.432,0.8,1.1,0.702,0.7,2.6,3.3,1.6,0.4,0.7,0.7,1.8,4.4
Jontay Porter,24,TOR,PF,26,5,13.8,1.5,4,0.385,0.6,0.7,0.833,1,2.2,3.2,2.3,0.8,0.8,0.8,1.3,4.4
Lester Quiñones,23,GSW,SG,37,0,10.6,1.5,3.8,0.397,0.5,0.8,0.69,0.6,1.4,1.9,1,0.2,0.1,0.5,1.2,4.4
Ben Sheppard,22,IND,SG,57,1,14.3,1.6,4,0.393,0.4,0.5,0.885,0.3,1.3,1.6,0.9,0.6,0,0.3,1.5,4.4
Blake Wesley,20,SAS,SG,61,3,14.4,1.7,3.5,0.474,0.9,1.3,0.667,0.3,1.2,1.5,2.7,0.5,0.1,0.9,1.5,4.4
Jeff Dowtin,26,PHI,PG,12,0,11.8,1.7,3,0.556,0.3,0.3,0.75,0.3,1.4,1.7,2.3,0.6,0.1,0.4,0.1,4.3
Jaxson Hayes,23,LAL,C,70,5,12.5,1.8,2.5,0.72,0.7,1.2,0.622,1,2,3,0.5,0.5,0.4,0.6,1.8,4.3
Caleb Houstan,21,ORL,SF,59,13,13.8,1.4,3.5,0.388,0.4,0.4,0.808,0.5,0.9,1.4,0.5,0.3,0.1,0.3,1,4.3
John Konchar,27,MEM,SF,55,23,21.3,1.6,3.8,0.423,0.4,0.5,0.84,1.3,3.4,4.7,2,0.9,0.9,0.8,1.4,4.3
Dru Smith,26,MIA,SG,9,0,14.6,1.7,3.7,0.455,0.2,0.2,1,0.7,0.9,1.6,1.6,1,0.3,0.6,1.3,4.3
Thaddeus Young,35,MULTI,PF,33,6,13.3,2,3.3,0.602,0.2,0.5,0.4,1.4,1.7,3.1,1.7,0.7,0.2,0.5,1.5,4.2
Jacob Gilyard,25,MULTI,PG,41,14,17,1.5,3.7,0.4,0,0,1,0.2,0.9,1.1,3.3,0.8,0.1,0.7,1,4.2
Armoni Brooks,25,BRK,PG,10,0,10.4,1.5,4.6,0.326,0.1,0.2,0.5,0.7,1.1,1.8,0.5,0.1,0.1,0.3,0.3,4.2
Troy Brown Jr.,24,MULTI,SF,59,15,14,1.4,3.8,0.372,0.5,0.6,0.865,0.4,2,2.4,1,0.4,0.1,0.5,0.7,4.2
Max Christie,20,LAL,SG,67,7,14.1,1.5,3.6,0.427,0.5,0.7,0.783,0.2,1.9,2.1,0.9,0.3,0.3,0.5,0.9,4.2
Ashton Hagans,24,POR,PG,19,1,16.6,1.5,3.7,0.408,0.7,0.9,0.824,0.7,1.6,2.4,2.8,0.6,0.5,1.6,2.1,4.2
Danuel House Jr.,30,PHI,SF,34,4,15,1.4,3.1,0.448,1,1.4,0.761,0.5,1.2,1.7,0.8,0.4,0.1,0.6,1.3,4.2
Skylar Mays,26,MULTI,SG,38,5,11.4,1.7,4.2,0.396,0.3,0.4,0.765,0.3,0.9,1.1,2.2,0.6,0.1,0.5,0.7,4.1
Sandro Mamukelashvili,24,SAS,C,46,5,9.8,1.6,3.4,0.471,0.5,0.7,0.735,1,2.2,3.2,1.1,0.2,0.3,0.4,0.8,4.1
Luka Šamanić,24,UTA,PF,43,7,9.4,1.4,3.7,0.38,1,1.3,0.786,0.5,1.9,2.4,0.4,0.1,0.2,0.7,0.7,4.1
Jae'Sean Tate,28,HOU,SF,65,9,15.9,1.7,3.5,0.472,0.4,0.6,0.667,0.9,2.1,3,1,0.6,0.2,0.6,2.1,4.1
Patty Mills,35,MULTI,PG,32,5,13,1.4,4.1,0.351,0.3,0.3,1,0.3,0.8,1.1,1.1,0.6,0,0.5,1,4
Izaiah Brockington,24,NOP,PG,1,0,3,2,5,0.4,0,0,,1,1,2,0,0,0,0,0,4
Ousmane Dieng,20,OKC,PF,33,0,11.1,1.5,3.5,0.422,0.4,0.5,0.875,0.3,1.2,1.5,1.1,0.2,0.2,0.6,0.7,4
Luka Garza,25,MIN,C,25,0,4.9,1.4,3,0.48,0.7,1,0.72,0.8,0.5,1.2,0.2,0.2,0,0.2,1,4
Mouhamed Gueye,21,ATL,PF,6,0,12.2,1.3,3.8,0.348,0.8,1,0.833,1.7,2,3.7,0.7,0.8,0.7,0.2,2.2,4
Justin Holiday,34,DEN,SG,58,9,14.9,1.5,3.3,0.454,0.1,0.1,0.75,0.2,1.1,1.2,1.2,0.6,0.2,0.2,1.2,4
Matthew Hurt,23,MEM,PF,8,0,14.1,1.5,4.3,0.353,0.4,0.4,1,1.1,0.9,2,0.5,0.4,0.4,0.3,1,4
JaVale McGee,36,SAC,C,46,0,7.4,1.7,2.9,0.598,0.6,1,0.578,0.9,1.8,2.7,0.4,0.3,0.4,0.7,1,4
Svi Mykhailiuk,26,BOS,SF,41,2,10.1,1.4,3.3,0.416,0.1,0.2,0.667,0.3,1,1.2,0.9,0.3,0,0.3,0.5,4
Rayan Rupert,19,POR,SG,39,12,16.2,1.4,4.1,0.335,0.5,0.6,0.76,0.6,1.7,2.4,1.6,0.3,0.1,0.8,1.4,4
Adama Sanogo,21,CHI,PF,9,0,7.3,1.6,3,0.519,0.9,1.3,0.667,2.1,1.9,4,0,0.1,0,0.6,0.6,4
Jaylin Williams,21,OKC,C,69,1,13,1.4,3.3,0.417,0.5,0.6,0.805,0.5,2.9,3.4,1.6,0.4,0.4,0.5,1.4,4
Jules Bernard,24,WAS,SG,19,0,7.8,1.5,3.4,0.453,0.3,0.5,0.556,0.5,0.8,1.4,0.8,0.2,0.1,0.4,0.7,3.9
Chris Duarte,26,SAC,SF,59,11,12.2,1.4,3.6,0.381,0.4,0.6,0.788,0.4,1.4,1.8,0.7,0.5,0.1,0.4,1.4,3.9
DeAndre Jordan,35,DEN,C,36,2,11,1.6,2.6,0.624,0.7,1.5,0.491,1.5,2.9,4.4,0.7,0.2,0.4,0.6,1.6,3.9
Sidy Cissoko,19,SAS,SF,12,0,11.8,1.3,2.8,0.485,1,1.3,0.8,0.7,1.2,1.8,0.8,0.6,0.3,0.3,1.5,3.8
Anthony Gill,31,WAS,PF,50,3,9.3,1.5,3.2,0.469,0.6,0.7,0.806,0.7,1.1,1.9,0.7,0.3,0.2,0.5,1,3.8
KJ Martin,23,MULTI,SF,60,2,12.4,1.6,3,0.536,0.4,0.7,0.537,0.7,1.5,2.2,0.9,0.4,0.2,0.5,1.7,3.7
Keita Bates-Diop,28,MULTI,SF,53,8,12.5,1.4,3.1,0.434,0.6,0.8,0.762,0.6,1.5,2.1,0.7,0.5,0.4,0.3,0.7,3.7
Oshae Brissett,25,BOS,SF,55,1,11.5,1.2,2.8,0.444,0.9,1.5,0.602,1.1,1.8,2.9,0.8,0.3,0.1,0.4,1,3.7
Jamal Cain,24,MIA,PF,26,1,10,1.3,3,0.43,0.7,0.9,0.783,0.6,0.8,1.4,0.4,0.4,0.2,0.3,0.8,3.7
Drew Peterson,24,BOS,PF,3,0,7.7,1.3,2,0.667,0,0,,0,0.3,0.3,0.3,0.7,0,0.3,0.3,3.7
T.J. Warren,30,MIN,SF,11,0,11.4,1.6,3.7,0.439,0.3,0.4,0.75,0.5,1.5,2,0.8,0.4,0.1,0.4,1,3.7
James Bouknight,23,CHO,SG,14,0,5.8,1.3,2.9,0.439,0.1,0.1,0.5,0.1,0.6,0.6,0.4,0.1,0.1,0.1,0.2,3.6
Collin Gillespie,24,DEN,PG,24,0,9.4,1.3,2.9,0.464,0.3,0.5,0.667,0,0.8,0.9,1.1,0.5,0,0.6,1,3.6
Gui Santos,21,GSW,PF,23,0,8.3,1.2,2.4,0.509,0.7,0.7,0.941,0.7,1.4,2.1,0.6,0.2,0.1,0.3,1,3.6
Jarace Walker,20,IND,PF,33,0,10.3,1.4,3.3,0.409,0.2,0.3,0.889,0.4,1.5,1.9,1.2,0.5,0.3,0.5,0.9,3.6
Lindy Waters III,26,OKC,SG,38,0,7.4,1.3,2.7,0.471,0.1,0.1,1,0.2,0.9,1.1,0.6,0.1,0.2,0.2,0.6,3.6
Théo Maledon,22,MULTI,PG,17,1,12.5,1.2,4.1,0.286,0.8,0.9,0.933,0.2,1.2,1.4,1.6,0.4,0,1.1,1.2,3.5
Onuralp Bitim,24,CHI,SG,23,1,11.7,1.4,3.7,0.381,0.2,0.2,0.8,0.3,1.1,1.4,0.6,0.1,0.1,0.4,1,3.5
Jordan McLaughlin,27,MIN,PG,56,0,11.2,1.3,2.6,0.483,0.2,0.3,0.722,0.3,1,1.3,2,0.6,0.1,0.3,0.6,3.5
Marques Bolden,25,MULTI,C,11,2,11,1.5,2.3,0.68,0.3,0.4,0.75,0.9,2.2,3.1,0.4,0.3,0.6,0.3,0.9,3.4
Ryan Rollins,21,MULTI,PG,13,0,6,1.1,2.1,0.519,1,1.3,0.765,0.2,0.8,1,1.1,0.8,0.2,0.6,0.6,3.4
Yuta Watanabe,29,MULTI,SF,34,0,13.6,1.2,3.4,0.353,0.3,0.5,0.588,0.3,1.3,1.6,0.4,0.4,0.2,0.6,1.1,3.4
Buddy Boeheim,24,DET,SF,10,0,8.4,0.9,2.9,0.31,0.8,1,0.8,0.3,0.7,1,0.3,0,0.1,0,0.5,3.4
Moses Brown,24,POR,C,22,5,9.1,1.5,3,0.508,0.4,1.4,0.29,1.7,2.2,3.9,0.3,0.2,0.3,0.5,1.2,3.4
Wenyen Gabriel,26,MEM,PF,5,0,16.2,1.6,4.4,0.364,0,1,0,1.4,3.6,5,0.6,0.4,0.4,1.6,2,3.4
Nassir Little,23,PHO,SF,45,2,10.2,1.3,2.8,0.46,0.4,0.4,0.85,0.3,1.4,1.7,0.5,0.2,0.2,0.3,0.9,3.4
Jalen McDaniels,26,TOR,SF,50,1,10.8,1.3,3.8,0.344,0.5,0.7,0.73,0.4,1.2,1.6,0.7,0.4,0.1,0.6,1,3.4
Jaden Springer,21,MULTI,PG,49,2,10.3,1.2,3,0.399,0.7,0.9,0.833,0.7,0.9,1.6,0.9,0.7,0.3,0.7,1.3,3.3
Charles Bassey,23,SAS,C,19,0,10.8,1.5,2.1,0.725,0.3,0.3,0.833,1.2,2.8,4,1.1,0.4,0.9,0.8,1.6,3.3
Micah Potter,25,UTA,PF,16,0,11.6,1.2,2.5,0.475,0.4,0.5,0.75,0.6,2.1,2.7,0.4,0.3,0.4,0.3,0.9,3.3
Dwight Powell,32,DAL,C,63,9,13.3,1.1,1.7,0.679,1,1.4,0.708,1.5,1.9,3.4,1.3,0.4,0.3,0.5,1.8,3.3
Terquavion Smith,21,PHI,PG,16,0,5.3,1.1,2.9,0.391,0.2,0.3,0.6,0,0.3,0.3,0.8,0.5,0,0.4,0.5,3.3
Garrett Temple,37,TOR,SG,27,2,10.7,1.1,2.9,0.372,0.7,0.8,0.818,0.7,1,1.7,1,0.4,0.1,0.5,1,3.3
Tristan Thompson,32,CLE,C,49,0,11.2,1.5,2.4,0.608,0.3,1.1,0.288,1.5,2.1,3.6,1,0.2,0.3,0.6,1.2,3.3
Oscar Tshiebwe,24,IND,PF,8,0,5.3,1.3,2.5,0.5,0.8,1,0.75,1,1,2,0.3,0.3,0.1,0,0.4,3.3
Kira Lewis Jr.,22,MULTI,PG,28,0,9.5,1.2,3.3,0.37,0.6,0.7,0.85,0.3,0.6,0.9,1.3,0.3,0.1,0.5,0.5,3.2
A.J. Lawson,23,DAL,SG,42,0,7.4,1.3,2.9,0.446,0.4,0.5,0.652,0.3,0.9,1.2,0.5,0.2,0.1,0.3,0.5,3.2
Boban Marjanović,35,HOU,C,14,0,5.1,1.3,2.4,0.529,0.6,1,0.643,0.5,1.8,2.3,0.4,0.1,0.1,0.4,0.4,3.2
Zeke Nnaji,23,DEN,PF,58,0,9.9,1.2,2.6,0.463,0.7,1.1,0.677,1.1,1.1,2.2,0.6,0.3,0.7,0.5,1.4,3.2
Ish Smith,35,CHO,PG,43,5,17.2,1.5,3.7,0.418,0.1,0.1,0.75,0.3,1.5,1.8,3.4,0.4,0.1,1.1,1.1,3.2
JT Thor,21,CHO,PF,63,3,12.4,1.3,2.9,0.437,0.2,0.3,0.55,0.7,1.6,2.3,0.5,0.2,0.4,0.2,1,3.2
Brandon Williams,24,DAL,PG,17,0,6.6,1.2,3.2,0.37,0.6,1,0.647,0.2,0.5,0.8,1,0.1,0.1,0.4,0.2,3.2
Wesley Matthews,37,ATL,SG,36,3,11.5,0.9,2.7,0.351,0.5,0.7,0.75,0.3,1.2,1.5,0.6,0.4,0.3,0.2,1.2,3.1
Dalen Terry,21,CHI,SG,59,2,11.5,1.2,2.7,0.439,0.4,0.7,0.581,0.5,1.4,1.9,1.4,0.5,0.3,0.5,1.4,3.1
Gabe Vincent,27,LAL,PG,11,0,19.8,1.4,4.5,0.306,0.1,0.2,0.5,0.4,0.5,0.8,1.9,0.8,0,0.5,1.7,3.1
Mike Muscala,32,MULTI,C,53,6,11.3,1.1,2.9,0.359,0.3,0.5,0.68,0.7,1.6,2.4,0.7,0.2,0.2,0.4,1,3
Johnny Davis,21,WAS,SG,50,6,12.3,1.2,3.1,0.403,0.3,0.5,0.583,0.4,1.1,1.4,0.6,0.4,0.2,0.3,1.1,3
Saben Lee,24,PHO,PG,24,0,7.7,0.8,2.3,0.364,1.2,1.6,0.744,0.4,0.9,1.3,1.3,0.3,0.1,0.3,0.5,3
Olivier-Maxence Prosper,21,DAL,PF,40,1,8.4,1,2.6,0.385,0.7,1,0.683,0.6,1.4,2,0.6,0.2,0.1,0.2,0.5,3
Trevelin Queen,26,ORL,SG,14,0,11.8,1,2.7,0.368,0.6,0.9,0.75,0.2,1.2,1.4,1.3,0.5,0.4,0.5,1.1,2.9
Jeremiah Robinson-Earl,23,NOP,PF,39,1,8.6,1.2,2.4,0.474,0.3,0.4,0.75,0.6,1.4,1.9,0.5,0.3,0.1,0.4,0.6,2.9
Jeenathan Williams,24,HOU,SG,22,0,5.9,1.2,2.3,0.54,0.3,0.6,0.538,0.5,0.5,1,0.3,0.2,0,0.2,0.5,2.9
D.J. Carton,23,TOR,SG,4,0,9,0.8,2,0.375,1,1.3,0.8,0.5,0.5,1,0.8,0.3,0,0.3,0.8,2.8
Henri Drell,23,CHI,SF,4,0,7.5,1,2.5,0.4,0.3,0.5,0.5,0.3,0.8,1,1,0.5,0.3,0.5,1.5,2.8
Orlando Robinson,23,MIA,C,36,7,8.4,1,2,0.5,0.5,0.7,0.76,0.8,1.6,2.3,0.9,0.2,0.2,0.5,1,2.8
Emoni Bates,20,CLE,SF,15,0,8.9,1,3.3,0.306,0.1,0.3,0.25,0.1,0.9,0.9,0.7,0.1,0.1,0.5,0.3,2.7
Leaky Black,24,CHO,SF,26,3,10.9,1,2,0.481,0.4,0.6,0.667,0.3,1.5,1.8,0.9,0.3,0.4,0.2,0.7,2.7
Damian Jones,28,CLE,C,39,0,6.9,1.1,1.8,0.597,0.5,0.5,0.857,0.5,1.1,1.6,0.4,0.2,0.3,0.3,0.7,2.7
Malik Williams,25,TOR,C,7,2,15.3,1.3,4.9,0.265,0,0.3,0,2.1,3.3,5.4,0.3,0.4,0.6,0.4,2.1,2.7
Timmy Allen,24,MEM,SF,5,0,25,1.2,4.6,0.261,0.2,0.4,0.5,0.8,2.6,3.4,1,0.8,0,0.4,3.6,2.6
Moussa Diabaté,22,LAC,C,11,0,5.8,0.9,1.7,0.526,0.8,1.3,0.643,1.4,0.8,2.2,0.4,0.5,0.1,0.2,0.4,2.6
Otto Porter Jr.,30,TOR,SF,15,1,11.6,0.9,2.2,0.424,0.2,0.2,1,0.4,1.5,1.9,0.5,0.3,0.3,0.1,1.3,2.6
Alex Fudge,20,MULTI,SF,6,0,6.7,1,2.5,0.4,0.3,0.3,1,0.7,0.2,0.8,0,0.5,0,0.3,0.3,2.5
Dylan Windler,27,MULTI,SF,17,0,6.4,0.9,1.8,0.5,0,0,,0.2,0.8,0.9,0.6,0.1,0,0.1,0.4,2.5
Greg Brown III,22,DAL,PF,6,0,6.7,0.8,1.8,0.455,0.7,1.5,0.444,0.5,1,1.5,0.7,0,0.7,0.7,0.8,2.5
Furkan Korkmaz,26,PHI,SG,35,0,8.6,0.9,2.2,0.395,0.4,0.6,0.7,0.1,0.7,0.9,0.7,0.4,0.1,0.3,0.5,2.5
Alex Len,30,SAC,C,48,0,9.3,1,1.7,0.617,0.4,0.7,0.588,1,1.7,2.7,1,0.2,0.7,0.6,1.4,2.5
Markieff Morris,34,DAL,PF,26,1,8.3,0.9,2.6,0.338,0.2,0.2,0.833,0.2,1.3,1.5,0.6,0.2,0.1,0.5,0.5,2.5
Harry Giles,25,MULTI,C,23,0,4.3,1,2.2,0.46,0.3,0.6,0.538,0.5,0.8,1.3,0.3,0.1,0.1,0.3,0.7,2.4
AJ Griffin,20,ATL,SF,20,0,8.6,0.9,3.1,0.29,0.1,0.1,1,0.1,0.8,0.9,0.3,0.1,0.1,0.4,0.3,2.4
Mouhamadou Gueye,25,TOR,PF,11,0,10.9,1,3.5,0.289,0.4,0.8,0.444,1.1,1,2.1,0.5,0.3,1.6,1.1,1.4,2.4
Joe Harris,32,DET,SG,16,0,10.6,0.9,2.4,0.359,0.1,0.1,0.5,0.2,0.6,0.8,0.6,0.2,0.1,0.3,1.2,2.4
Cory Joseph,32,GSW,PG,26,0,11.4,0.9,2.5,0.359,0.2,0.3,0.571,0.2,0.9,1.2,1.6,0.2,0.1,0.5,1,2.4
Xavier Moon,29,LAC,SG,14,1,8.5,1.1,3.3,0.326,0.1,0.1,0.5,0.6,0.7,1.3,1.5,0.2,0.2,0.4,0.6,2.4
Jamaree Bouyea,24,MULTI,PG,9,0,10.6,1.1,3.1,0.357,0,0,,0.3,1.8,2.1,1.2,0.1,0,1,1.1,2.3
Amari Bailey,19,CHO,PG,10,0,6.5,0.8,2.4,0.333,0.6,0.7,0.857,0.6,0.3,0.9,0.7,0.3,0,0.4,0.2,2.3
Isaiah Mobley,24,CLE,PF,10,0,7.2,1,2.4,0.417,0,0.1,0,0.3,0.7,1,0.6,0.2,0,0.2,0.6,2.3
Chuma Okeke,25,ORL,SF,47,8,9.2,0.9,2.4,0.357,0.1,0.1,0.571,0.4,1.3,1.7,0.4,0.2,0.1,0.3,0.4,2.3
Olivier Sarr,24,OKC,C,15,0,6.5,0.7,1.3,0.579,0.7,1,0.667,0.7,1.7,2.4,0.1,0,0.5,0.2,1.2,2.3
Dereon Seabron,23,NOP,SG,6,0,9.2,0.7,2.2,0.308,0.8,1,0.833,0.2,1,1.2,0.8,0.3,0.2,0,0.7,2.3
Cole Swider,24,MIA,SF,18,0,4.8,0.8,2.1,0.395,0.1,0.1,1,0.1,0.3,0.4,0.3,0.1,0.1,0.4,0.2,2.3
Udoka Azubuike,24,PHO,C,16,0,7.1,1,1.4,0.696,0.2,0.8,0.231,0.7,1.3,2,0.2,0.1,0.4,0.3,1.1,2.2
Reggie Bullock,32,HOU,SF,44,0,9.5,0.8,1.9,0.415,0,0,1,0.1,1.5,1.7,0.3,0.3,0.1,0.2,0.7,2.2
Trent Forrest,25,ATL,SG,38,0,10.9,0.9,2.4,0.378,0.3,0.4,0.765,0.3,1.1,1.3,2.4,0.3,0.1,0.5,0.7,2.2
Nate Hinton,24,HOU,SG,15,0,5,0.7,1.7,0.423,0.3,0.3,0.8,0.5,1,1.5,0.7,0.2,0.1,0.2,0.7,2.2
Andre Jackson Jr.,22,MIL,SG,57,8,10,0.9,1.8,0.5,0.1,0.2,0.727,0.8,1.2,2,0.9,0.3,0.1,0.5,1.6,2.2
Julian Phillips,20,CHI,SF,40,0,8.1,0.8,1.9,0.416,0.3,0.5,0.684,0.3,0.6,0.9,0.3,0.2,0.2,0.3,1,2.2
Ish Wainright,29,MULTI,SF,11,0,5.6,0.6,2.2,0.292,0.2,0.2,1,0.3,1,1.3,0.1,0.4,0.1,0.2,0.7,2.1
Colby Jones,21,SAC,SG,30,0,6.4,0.9,2.4,0.394,0.2,0.4,0.545,0.6,0.8,1.3,0.7,0.2,0.2,0.3,1,2.1
Mamadi Diakite,27,MULTI,PF,6,0,4,0.7,1,0.667,0.7,1,0.667,0.2,0.5,0.7,0.3,0.2,0.2,0.2,0.3,2
Kobe Brown,24,LAC,PF,44,0,9,0.8,2,0.411,0,0,0.5,0.5,1,1.4,0.6,0.3,0.1,0.2,1.1,2
JD Davison,21,BOS,SG,8,0,4.9,0.6,1.5,0.417,0.4,0.5,0.75,0.3,1,1.3,1.3,0.1,0.1,0.3,0.5,2
Jordan Ford,25,SAC,PG,6,0,3.7,0.7,1.2,0.571,0.3,0.3,1,0,0.3,0.3,0.3,0,0,0.2,0,2
Kevon Harris,26,ORL,SG,2,0,3,1,1.5,0.667,0,0,,0,1,1,0.5,0,0,0.5,1.5,2
D'Moi Hodge,25,LAL,SG,7,0,5.9,0.7,2.1,0.333,0.1,0.3,0.5,0,0,0,0.7,0.1,0.1,0.1,0.6,2
Ty Jerome,26,CLE,SG,2,0,7.5,1,2,0.5,0,0,,0.5,0,0.5,1.5,0,0,0.5,1,2
Markquis Nowell,24,TOR,SG,1,0,4,0,1,0,2,2,1,2,0,2,2,1,0,0,0,2
Jericho Sims,25,NYK,C,45,11,13,0.8,1.2,0.691,0.4,0.5,0.667,1.2,2,3.3,0.6,0.2,0.4,0.4,1,2
Lindell Wigginton,25,MIL,PG,3,0,2.7,0.7,1.7,0.4,0.7,0.7,1,0,0,0,0,0,0,0.3,0.3,2
Isaiah Wong,23,IND,SG,1,0,4,1,3,0.333,0,0,,0,0,0,0,0,0,0,0,2
Justin Minaya,24,POR,SF,34,1,11.2,0.6,2.2,0.297,0.1,0.3,0.556,0.9,0.8,1.6,0.6,0.3,0.3,0.3,1,1.8
Daishen Nix,21,MIN,PG,15,0,3.3,0.6,1.6,0.375,0.2,0.4,0.5,0.1,0.1,0.2,0.4,0.3,0,0.3,0.1,1.8
Cody Zeller,31,NOP,C,43,0,7.4,0.6,1.4,0.419,0.5,0.9,0.605,1.1,1.5,2.6,0.9,0.2,0.1,0.4,1,1.8
Taj Gibson,38,MULTI,PF,20,1,10.2,0.8,1.9,0.405,0.1,0.1,1,0.6,1.3,1.9,0.6,0.2,0.4,0.3,1.6,1.7
P.J. Tucker,38,MULTI,PF,31,10,15.7,0.6,1.6,0.36,0.1,0.1,1,0.9,1.8,2.7,0.5,0.5,0.2,0.3,1.7,1.7
Kessler Edwards,23,SAC,SF,54,0,5.1,0.6,1.5,0.415,0.1,0.2,0.556,0.2,0.6,0.8,0.3,0.2,0.1,0.1,0.5,1.7
Leonard Miller,20,MIN,SF,17,0,3.1,0.8,1.2,0.65,0.1,0.1,0.5,0.3,0.9,1.2,0.5,0.1,0.1,0.1,0.3,1.7
Jason Preston,24,UTA,PG,7,0,10.1,0.9,2.7,0.316,0,0,,0.9,1.6,2.4,2.3,0.3,0.1,0.3,0.4,1.7
Jordan Walsh,19,BOS,SF,9,1,9.2,0.7,1.7,0.4,0.1,0.2,0.5,0.6,1.7,2.2,0.6,0.6,0.1,0.3,1.2,1.7
Jalen Hood-Schifino,20,LAL,SG,21,0,5.2,0.5,2.1,0.222,0.6,1,0.6,0.1,0.5,0.6,0.4,0.1,0.1,0.4,0.6,1.6
Jett Howard,20,ORL,SF,18,0,3.7,0.6,1.7,0.333,0.1,0.2,0.5,0.1,0.3,0.4,0.3,0.1,0.1,0.2,0.2,1.6
Seth Lundy,23,ATL,SF,9,0,5.8,0.4,1.9,0.235,0.3,0.4,0.75,0.1,0.7,0.8,0,0,0,0.1,0.7,1.6
Jordan Miller,24,LAC,SF,8,0,3.5,0.6,1.1,0.556,0.3,0.3,1,0.4,0.3,0.6,0,0,0,0.1,0.3,1.6
Josh Minott,21,MIN,SF,32,0,2.8,0.5,1.1,0.472,0.4,0.4,0.857,0.1,0.4,0.5,0.3,0.2,0.2,0.1,0.3,1.6
Jalen Pickett,24,DEN,SG,27,0,4.5,0.6,1.3,0.429,0.1,0.1,0.75,0,0.5,0.5,0.8,0.1,0,0.3,0.5,1.6
Ibou Badji,21,POR,C,22,1,10.3,0.6,1,0.636,0.3,0.5,0.5,0.9,1.4,2.3,0.6,0.1,0.9,0.7,2.1,1.5
Colin Castleton,23,LAL,C,16,0,3.7,0.6,1,0.563,0.4,0.4,1,0.4,0.4,0.8,0.2,0.1,0,0.2,0.7,1.5
Adam Flagler,24,OKC,SG,2,0,7,0.5,3.5,0.143,0,0,,0,0,0,2,0,0,0,0,1.5
Dariq Whitehead,19,BRK,SF,2,0,12,0.5,2.5,0.2,0.5,1,0.5,0,2,2,1.5,0,0.5,0,0,1.5
Terry Taylor,24,CHI,PF,31,0,6.1,0.6,1.3,0.513,0.1,0.2,0.8,0.5,0.6,1.2,0.3,0.2,0.1,0.2,0.5,1.5
Jack White,26,MEM,SF,4,0,16,0.5,4,0.125,0,0,,1,2,3,0.3,1,0.3,0.5,0.8,1.5
Kendall Brown,20,IND,SG,15,0,4.2,0.5,1,0.533,0.3,0.5,0.625,0.2,0.1,0.3,0.3,0,0,0.1,0.6,1.4
Mason Jones,25,SAC,SG,5,0,5.6,0.4,1.6,0.25,0.2,0.4,0.5,0.2,0.8,1,1,0.2,0,0.4,0.6,1.4
Jerome Robinson,26,GSW,SG,22,0,3.7,0.5,1.5,0.333,0.3,0.5,0.636,0,0.2,0.3,0.2,0,0.1,0.1,0.2,1.4
Jermaine Samuels,25,HOU,SF,14,0,4.3,0.6,1,0.643,0.1,0.1,1,0.2,0.7,0.9,0.2,0.1,0.1,0,0.4,1.4
Jacob Toppin,23,NYK,SF,9,0,4.2,0.6,1,0.556,0.2,0.2,1,0.3,0.4,0.8,0.3,0,0.1,0.1,0.3,1.4
R.J. Hampton,22,MIA,PG,8,2,9.5,0.5,1.8,0.286,0.1,0.3,0.5,0.3,0.5,0.8,1,0,0,0.4,1,1.3
Nathan Mensah,25,CHO,C,25,0,12.3,0.5,1.1,0.429,0.4,0.5,0.75,1.2,1.4,2.6,0.4,0.2,0.6,0.6,2.6,1.3
Isaiah Thomas,34,PHO,PG,6,0,3.2,0.5,1.7,0.3,0,0,,0,0,0,0.5,0,0,0,0,1.3
TyTy Washington Jr.,22,MIL,PG,11,0,5.1,0.5,1.8,0.3,0,0,,0.1,0.4,0.5,0.5,0.3,0,0.2,0.1,1.3
Jay Huff,25,DEN,C,20,0,2.5,0.5,0.8,0.6,0.1,0.1,1,0.1,0.5,0.6,0.1,0.1,0.2,0.1,0.5,1.2
Keyontae Johnson,23,OKC,SF,9,0,7.3,0.6,1.8,0.313,0,0,,0.4,0.7,1.1,0.4,0.1,0,0.4,0.6,1.2
Chris Livingston,20,MIL,SF,21,0,4.3,0.5,1,0.5,0.1,0.2,0.75,0.1,0.9,1,0.2,0.1,0,0.2,0.7,1.2
Braxton Key,26,DEN,SF,20,0,3,0.4,0.9,0.412,0.3,0.4,0.75,0.2,0.8,0.9,0.5,0.1,0.1,0.1,0.3,1.1
Robin Lopez,35,MIL,C,16,2,4.1,0.4,1.2,0.368,0.1,0.1,1,0.2,0.1,0.3,0.3,0.1,0.2,0.1,0.4,1.1
Admiral Schofield,26,ORL,PF,23,0,3.7,0.4,1.1,0.385,0,0.1,0,0.1,0.6,0.7,0.3,0,0,0.2,0.4,1.1
Hunter Tyson,23,DEN,PF,18,0,2.7,0.4,1.1,0.4,0,0,,0.1,0.4,0.5,0.1,0.1,0,0.1,0.6,1.1
Filip Petrušev,23,MULTI,C,3,0,3.3,0.3,0.7,0.5,0.3,0.7,0.5,0,0.3,0.3,0,0,0,0,0.3,1
Hamidou Diallo,25,WAS,SG,2,0,2.5,0.5,1,0.5,0,0,,1,0,1,0.5,1,0,0.5,0.5,1
Frank Ntilikina,25,CHO,PG,5,0,8.6,0.2,1.8,0.111,0.4,0.4,1,0.2,1,1.2,0.8,0,0,0.2,0.8,1
Joshua Primo,21,LAC,SG,2,0,5,0.5,1.5,0.333,0,0,,0.5,0,0.5,0,0,0.5,2,0,1
Thanasis Antetokounmpo,31,MIL,PF,34,0,4.6,0.5,0.9,0.533,0,0.1,0,0.2,0.2,0.4,0.5,0.2,0.1,0.4,0.7,0.9
James Johnson,36,IND,PF,9,0,5.2,0.3,1.1,0.3,0.2,0.2,1,0.1,0.3,0.4,0.9,0.6,0.1,0.6,1,0.9
Charlie Brown Jr.,26,NYK,SG,8,0,4.6,0.3,1.3,0.2,0,0,,0.1,0.1,0.3,0,0,0.3,0.3,0.6,0.8
DaQuan Jeffries,26,NYK,SG,17,0,2.7,0.4,1,0.353,0,0.1,0,0,0.3,0.3,0.3,0,0.1,0.2,0.1,0.8
Shaquille Harrison,30,MEM,SG,3,0,2,0.3,0.7,0.5,0,0,,0,0.7,0.7,0,0,0.3,0,0,0.7
Quenton Jackson,25,IND,PG,3,0,3.7,0,0.3,0,0.7,0.7,1,0,1.3,1.3,0.7,0.3,0,0,0.3,0.7
Wendell Moore Jr.,22,MIN,SG,25,0,3,0.4,0.7,0.5,0,0,,0,0.5,0.5,0.2,0.2,0,0.2,0.2,0.7
Jalen Slawson,24,SAC,SF,12,0,3.1,0.3,0.5,0.667,0,0,,0.1,0.5,0.6,0.2,0.1,0.1,0.2,0.7,0.7
Pat Spencer,27,GSW,PG,6,0,4.3,0.3,0.7,0.5,0,0,,0.3,0.3,0.7,0.8,0,0,0.2,0.2,0.7
Alondes Williams,24,MIA,SG,7,0,2.3,0.3,1.1,0.25,0.1,0.1,1,0,0.1,0.1,0,0,0.1,0.3,0.3,0.7
Juan Toscano-Anderson,30,SAC,SF,11,0,4.8,0.3,1.1,0.25,0,0,,0.4,0.9,1.3,0.4,0.1,0.1,0.2,1,0.6
Usman Garuba,21,GSW,PF,6,0,3,0.2,1,0.167,0.2,0.3,0.5,0.5,0.7,1.2,0.2,0.2,0.5,0.3,0.3,0.5
E.J. Liddell,23,NOP,PF,8,0,2.9,0.1,0.8,0.167,0.3,0.3,1,0,0.6,0.6,0.1,0.3,0.3,0.3,0.3,0.5
Pete Nance,23,CLE,PF,8,0,3.4,0.1,0.8,0.167,0,0.3,0,0,0.4,0.4,0,0.1,0,0.1,0.3,0.4
Maxwell Lewis,21,LAL,SF,34,0,3,0.1,0.6,0.19,0.1,0.1,0.667,0.1,0.1,0.1,0.2,0.1,0,0.3,0.1,0.3
Ryan Arcidiacono,29,NYK,PG,20,0,2.3,0,0.3,0,0,0,,0,0.4,0.4,0.2,0.1,0,0.1,0.3,0
Malcolm Cazalon,22,DET,SG,1,0,3,0,0,,0,0,,0,0,0,0,0,0,0,0,0
Jalen Crutcher,24,NOP,PG,1,0,3,0,1,0,0,0,,0,0,0,0,0,0,0,0,0
Andrew Funk,24,CHI,SG,5,0,2.6,0,0.8,0,0,0,,0,0,0,0,0.2,0.2,0,0,0
Kaiser Gates,27,NOP,SF,1,0,7,0,4,0,0,0,,0,1,1,0,0,0,0,0,0
Danny Green,36,PHI,SG,2,0,9,0,1,0,0,0,,0,1,1,0.5,0.5,0,0,0.5,0
Ron Harper Jr.,23,TOR,PF,1,0,4,0,0,,0,0,,0,0,0,1,0,0,0,2,0
Justin Jackson,28,MIN,SF,2,0,0.5,0,0,,0,0,,0,0,0,0,0,0,0,0,0
Dmytro Skapintsev,25,NYK,C,2,0,1,0,0.5,0,0,0,,0,0,0,0,0,0,0,0,0
Javonte Smart,24,PHI,PG,1,0,1,0,0,,0,0,,0,0,0,0,0,0,0,0,0
